PATIENT,MEMBERID,START_DATE,END_DATE,PAYER,SECONDARY_PAYER,PLAN_OWNERSHIP,OWNER_NAME
315c8d49-9a6e-7e2e-c277-3b39b9c6b940,315c8d49-9a6e-7e2e-7d1e-cc8b2c3279a5,2023-08-07T09:19:59Z,2024-08-12T09:19:59Z,8fa6c185-e44e-3e34-8bd8-39be8694f4ce,,Guardian,Brent147 Jones311
fb912683-24b7-a0f5-da13-331a78184ff6,fb912683-24b7-a0f5-a588-315cef041362,1975-03-21T18:33:14Z,1976-03-26T18:33:14Z,26aab0cd-6aba-3e1b-ac5b-05c8867e762c,,Guardian,Janette321 Schneider199
fb912683-24b7-a0f5-da13-331a78184ff6,fb912683-24b7-a0f5-a588-315cef041362,1976-03-26T18:33:14Z,1977-03-25T18:33:14Z,26aab0cd-6aba-3e1b-ac5b-05c8867e762c,,Guardian,Janette321 Schneider199
fb912683-24b7-a0f5-da13-331a78184ff6,fb912683-24b7-a0f5-a588-315cef041362,1977-03-25T18:33:14Z,1978-03-24T18:33:14Z,26aab0cd-6aba-3e1b-ac5b-05c8867e762c,,Guardian,Janette321 Schneider199
2e08cde0-6dae-163e-e687-80b44837f71e,2e08cde0-6dae-163e-3087-7c7cd608d244,1992-03-21T14:24:26Z,1993-03-27T14:24:26Z,df166300-5a78-3502-a46a-832842197811,,Self,Margert370 Goyette777
2e08cde0-6dae-163e-e687-80b44837f71e,2e08cde0-6dae-163e-f827-31ca6d84d287,1993-03-27T14:24:26Z,1994-03-26T14:24:26Z,df166300-5a78-3502-a46a-832842197811,,Self,Margert370 Goyette777
2e08cde0-6dae-163e-e687-80b44837f71e,2e08cde0-6dae-163e-8f6f-68a1c5ab10d5,1994-03-26T14:24:26Z,1995-03-25T14:24:26Z,df166300-5a78-3502-a46a-832842197811,,Self,Margert370 Goyette777
06972620-193a-6505-89ee-238db3749376,06972620-193a-6505-69b9-9ad1b45457a2,2014-09-08T13:16:33Z,2015-09-14T13:16:33Z,df166300-5a78-3502-a46a-832842197811,,Self,Margarita164 Colón139
06972620-193a-6505-89ee-238db3749376,06972620-193a-6505-e80f-75880e4f8be0,2015-09-14T13:16:33Z,2016-09-12T13:16:33Z,df166300-5a78-3502-a46a-832842197811,,Self,Margarita164 Colón139
06972620-193a-6505-89ee-238db3749376,06972620-193a-6505-57e9-7e07a7649a1c,2016-09-12T13:16:33Z,2017-09-11T13:16:33Z,df166300-5a78-3502-a46a-832842197811,,Self,Margarita164 Colón139
402263d4-fe9e-7508-d1c0-0c94b20e2dab,402263d4-fe9e-7508-862b-9d07f72b6042,2010-10-06T17:03:30Z,2011-10-12T17:03:30Z,b046940f-1664-3047-bca7-dfa76be352a4,,Guardian,Janett802 Schaefer657
082cfcb8-03c5-760a-e79a-e475ff4ac2b3,,1998-04-04T00:12:33Z,1999-04-10T00:12:33Z,e03e23c9-4df1-3eb6-a62d-f70f02301496,,,
402263d4-fe9e-7508-d1c0-0c94b20e2dab,402263d4-fe9e-7508-862b-9d07f72b6042,2011-10-12T17:03:30Z,2012-10-10T17:03:30Z,b046940f-1664-3047-bca7-dfa76be352a4,,Guardian,Janett802 Schaefer657
402263d4-fe9e-7508-d1c0-0c94b20e2dab,402263d4-fe9e-7508-862b-9d07f72b6042,2012-10-10T17:03:30Z,2013-10-09T17:03:30Z,b046940f-1664-3047-bca7-dfa76be352a4,,Guardian,Janett802 Schaefer657
402263d4-fe9e-7508-d1c0-0c94b20e2dab,402263d4-fe9e-7508-862b-9d07f72b6042,2013-10-09T17:03:30Z,2014-10-08T17:03:30Z,b046940f-1664-3047-bca7-dfa76be352a4,,Guardian,Janett802 Schaefer657
a700ef8c-e5f7-6161-4b6e-642898fa6281,a700ef8c-e5f7-6161-f3ad-0a8ffc55d89e,2018-07-03T04:46:56Z,2019-07-09T04:46:56Z,df166300-5a78-3502-a46a-832842197811,,Self,Theo630 Botsford977
402263d4-fe9e-7508-d1c0-0c94b20e2dab,402263d4-fe9e-7508-862b-9d07f72b6042,2014-10-08T17:03:30Z,2015-10-07T17:03:30Z,b046940f-1664-3047-bca7-dfa76be352a4,,Guardian,Janett802 Schaefer657
a700ef8c-e5f7-6161-4b6e-642898fa6281,a700ef8c-e5f7-6161-ea6d-feba6fb4041e,2019-07-09T04:46:56Z,2020-07-07T04:46:56Z,df166300-5a78-3502-a46a-832842197811,,Self,Theo630 Botsford977
402263d4-fe9e-7508-d1c0-0c94b20e2dab,402263d4-fe9e-7508-862b-9d07f72b6042,2015-10-07T17:03:30Z,2016-10-12T17:03:30Z,b046940f-1664-3047-bca7-dfa76be352a4,,Guardian,Janett802 Schaefer657
a700ef8c-e5f7-6161-4b6e-642898fa6281,a700ef8c-e5f7-6161-2068-ebfb5138f5c0,2020-07-07T04:46:56Z,2021-07-06T04:46:56Z,734afbd6-4794-363b-9bc0-6a3981533ed5,,Guardian,Edwin773 Botsford977
a700ef8c-e5f7-6161-4b6e-642898fa6281,a700ef8c-e5f7-6161-2068-ebfb5138f5c0,2021-07-06T04:46:56Z,2022-07-05T04:46:56Z,734afbd6-4794-363b-9bc0-6a3981533ed5,,Guardian,Edwin773 Botsford977
3f737e6b-c2bd-2fe2-e9d5-25c65f04c896,3f737e6b-c2bd-2fe2-27ed-03bbd56196bb,2013-07-27T16:58:39Z,2014-08-02T16:58:39Z,df166300-5a78-3502-a46a-832842197811,,Self,Dusty207 Harris789
a700ef8c-e5f7-6161-4b6e-642898fa6281,a700ef8c-e5f7-6161-f9e8-42931dff9ce5,2022-07-05T04:46:56Z,2023-07-04T04:46:56Z,0133f751-9229-3cfd-815f-b6d4979bdd6a,,Guardian,Nikita578 Flatley871
a700ef8c-e5f7-6161-4b6e-642898fa6281,a700ef8c-e5f7-6161-f9e8-42931dff9ce5,2023-07-04T04:46:56Z,2024-07-09T04:46:56Z,0133f751-9229-3cfd-815f-b6d4979bdd6a,,Guardian,Nikita578 Flatley871
3f737e6b-c2bd-2fe2-e9d5-25c65f04c896,3f737e6b-c2bd-2fe2-aa50-0eb31c8e3d30,2014-08-02T16:58:39Z,2015-08-01T16:58:39Z,df166300-5a78-3502-a46a-832842197811,,Self,Dusty207 Harris789
a700ef8c-e5f7-6161-4b6e-642898fa6281,a700ef8c-e5f7-6161-f9e8-42931dff9ce5,2024-07-09T04:46:56Z,2025-07-08T04:46:56Z,0133f751-9229-3cfd-815f-b6d4979bdd6a,,Guardian,Nikita578 Flatley871
a700ef8c-e5f7-6161-4b6e-642898fa6281,a700ef8c-e5f7-6161-f9e8-42931dff9ce5,2025-07-08T04:46:56Z,2026-07-03T04:46:56Z,0133f751-9229-3cfd-815f-b6d4979bdd6a,,Guardian,Nikita578 Flatley871
402263d4-fe9e-7508-d1c0-0c94b20e2dab,402263d4-fe9e-7508-862b-9d07f72b6042,2016-10-12T17:03:30Z,2017-10-11T17:03:30Z,b046940f-1664-3047-bca7-dfa76be352a4,,Guardian,Janett802 Schaefer657
06972620-193a-6505-89ee-238db3749376,06972620-193a-6505-11df-e0aebae6f11c,2017-09-11T13:16:33Z,2018-09-10T13:16:33Z,df166300-5a78-3502-a46a-832842197811,,Self,Margarita164 Colón139
06972620-193a-6505-89ee-238db3749376,06972620-193a-6505-3b63-c40723bb8fa2,2018-09-10T13:16:33Z,2019-09-09T13:16:33Z,df166300-5a78-3502-a46a-832842197811,,Self,Margarita164 Colón139
2e08cde0-6dae-163e-e687-80b44837f71e,2e08cde0-6dae-163e-83e4-72188a9e3553,1995-03-25T14:24:26Z,1996-03-23T14:24:26Z,df166300-5a78-3502-a46a-832842197811,,Self,Margert370 Goyette777
06972620-193a-6505-89ee-238db3749376,06972620-193a-6505-1d03-93713f1e2347,2019-09-09T13:16:33Z,2020-09-14T13:16:33Z,df166300-5a78-3502-a46a-832842197811,,Self,Margarita164 Colón139
06972620-193a-6505-89ee-238db3749376,06972620-193a-6505-2a22-ce866e7936ec,2020-09-14T13:16:33Z,2021-09-13T13:16:33Z,df166300-5a78-3502-a46a-832842197811,,Self,Margarita164 Colón139
fb912683-24b7-a0f5-da13-331a78184ff6,fb912683-24b7-a0f5-a588-315cef041362,1978-03-24T18:33:14Z,1979-03-23T18:33:14Z,26aab0cd-6aba-3e1b-ac5b-05c8867e762c,,Guardian,Janette321 Schneider199
06972620-193a-6505-89ee-238db3749376,06972620-193a-6505-01f1-cab0091eba7d,2021-09-13T13:16:33Z,2022-09-12T13:16:33Z,df166300-5a78-3502-a46a-832842197811,,Self,Margarita164 Colón139
fb912683-24b7-a0f5-da13-331a78184ff6,fb912683-24b7-a0f5-a588-315cef041362,1979-03-23T18:33:14Z,1980-03-28T18:33:14Z,26aab0cd-6aba-3e1b-ac5b-05c8867e762c,,Guardian,Janette321 Schneider199
06972620-193a-6505-89ee-238db3749376,06972620-193a-6505-87ed-b9d25d5347ed,2022-09-12T13:16:33Z,2023-09-11T13:16:33Z,df166300-5a78-3502-a46a-832842197811,,Self,Margarita164 Colón139
315c8d49-9a6e-7e2e-c277-3b39b9c6b940,315c8d49-9a6e-7e2e-7d1e-cc8b2c3279a5,2024-08-12T09:19:59Z,2025-08-11T09:19:59Z,8fa6c185-e44e-3e34-8bd8-39be8694f4ce,,Guardian,Brent147 Jones311
315c8d49-9a6e-7e2e-c277-3b39b9c6b940,315c8d49-9a6e-7e2e-7d1e-cc8b2c3279a5,2025-08-11T09:19:59Z,2026-08-07T09:19:59Z,8fa6c185-e44e-3e34-8bd8-39be8694f4ce,,Guardian,Brent147 Jones311
06972620-193a-6505-89ee-238db3749376,06972620-193a-6505-f145-1502fb241334,2023-09-11T13:16:33Z,2024-09-09T13:16:33Z,df166300-5a78-3502-a46a-832842197811,,Self,Margarita164 Colón139
fb912683-24b7-a0f5-da13-331a78184ff6,fb912683-24b7-a0f5-a588-315cef041362,1980-03-28T18:33:14Z,1981-03-27T18:33:14Z,26aab0cd-6aba-3e1b-ac5b-05c8867e762c,,Guardian,Janette321 Schneider199
2e08cde0-6dae-163e-e687-80b44837f71e,2e08cde0-6dae-163e-b9f6-57df5e869e5b,1996-03-23T14:24:26Z,1997-03-22T14:24:26Z,df166300-5a78-3502-a46a-832842197811,,Self,Margert370 Goyette777
fb912683-24b7-a0f5-da13-331a78184ff6,fb912683-24b7-a0f5-a588-315cef041362,1981-03-27T18:33:14Z,1982-03-26T18:33:14Z,26aab0cd-6aba-3e1b-ac5b-05c8867e762c,,Guardian,Janette321 Schneider199
2e08cde0-6dae-163e-e687-80b44837f71e,2e08cde0-6dae-163e-14cb-101597044827,1997-03-22T14:24:26Z,1998-03-21T14:24:26Z,df166300-5a78-3502-a46a-832842197811,,Self,Margert370 Goyette777
2e08cde0-6dae-163e-e687-80b44837f71e,2e08cde0-6dae-163e-976e-a2cb522bff65,1998-03-21T14:24:26Z,1999-03-27T14:24:26Z,df166300-5a78-3502-a46a-832842197811,,Self,Margert370 Goyette777
082cfcb8-03c5-760a-e79a-e475ff4ac2b3,082cfcb8-03c5-760a-2856-3bdb381004ca,1999-04-10T00:12:33Z,2000-04-08T00:12:33Z,a735bf55-83e9-331a-899d-a82a60b9f60c,b046940f-1664-3047-bca7-dfa76be352a4,Self,Michal596 Kutch271
082cfcb8-03c5-760a-e79a-e475ff4ac2b3,082cfcb8-03c5-760a-d53d-961104d90582,2000-04-08T00:12:33Z,2001-04-07T00:12:33Z,a735bf55-83e9-331a-899d-a82a60b9f60c,b046940f-1664-3047-bca7-dfa76be352a4,Self,Michal596 Kutch271
402263d4-fe9e-7508-d1c0-0c94b20e2dab,402263d4-fe9e-7508-862b-9d07f72b6042,2017-10-11T17:03:30Z,2018-10-10T17:03:30Z,b046940f-1664-3047-bca7-dfa76be352a4,,Guardian,Janett802 Schaefer657
082cfcb8-03c5-760a-e79a-e475ff4ac2b3,082cfcb8-03c5-760a-021b-3117afa0e078,2001-04-07T00:12:33Z,2002-04-06T00:12:33Z,a735bf55-83e9-331a-899d-a82a60b9f60c,b046940f-1664-3047-bca7-dfa76be352a4,Self,Michal596 Kutch271
082cfcb8-03c5-760a-e79a-e475ff4ac2b3,082cfcb8-03c5-760a-7b06-898f1b61c0f3,2002-04-06T00:12:33Z,2003-04-05T00:12:33Z,a735bf55-83e9-331a-899d-a82a60b9f60c,b046940f-1664-3047-bca7-dfa76be352a4,Self,Michal596 Kutch271
082cfcb8-03c5-760a-e79a-e475ff4ac2b3,082cfcb8-03c5-760a-d558-3bd4d67d8c1f,2003-04-05T00:12:33Z,2004-04-10T00:12:33Z,a735bf55-83e9-331a-899d-a82a60b9f60c,b046940f-1664-3047-bca7-dfa76be352a4,Self,Michal596 Kutch271
3f737e6b-c2bd-2fe2-e9d5-25c65f04c896,3f737e6b-c2bd-2fe2-8a98-d4cf59818926,2015-08-01T16:58:39Z,2016-07-30T16:58:39Z,df166300-5a78-3502-a46a-832842197811,,Self,Dusty207 Harris789
3f737e6b-c2bd-2fe2-e9d5-25c65f04c896,3f737e6b-c2bd-2fe2-2cc0-d005e00bcd7c,2016-07-30T16:58:39Z,2017-07-29T16:58:39Z,df166300-5a78-3502-a46a-832842197811,,Self,Dusty207 Harris789
082cfcb8-03c5-760a-e79a-e475ff4ac2b3,082cfcb8-03c5-760a-7fa4-e63bd925ceb9,2004-04-10T00:12:33Z,2005-04-09T00:12:33Z,a735bf55-83e9-331a-899d-a82a60b9f60c,,Self,Michal596 Kutch271
3f737e6b-c2bd-2fe2-e9d5-25c65f04c896,3f737e6b-c2bd-2fe2-a041-186a6f87a28c,2017-07-29T16:58:39Z,2018-07-28T16:58:39Z,df166300-5a78-3502-a46a-832842197811,,Self,Dusty207 Harris789
082cfcb8-03c5-760a-e79a-e475ff4ac2b3,082cfcb8-03c5-760a-67ec-6a841456c364,2005-04-09T00:12:33Z,2006-04-08T00:12:33Z,a735bf55-83e9-331a-899d-a82a60b9f60c,b046940f-1664-3047-bca7-dfa76be352a4,Self,Michal596 Kutch271
3f737e6b-c2bd-2fe2-e9d5-25c65f04c896,3f737e6b-c2bd-2fe2-849b-3719fb67ddff,2018-07-28T16:58:39Z,2019-07-27T16:58:39Z,df166300-5a78-3502-a46a-832842197811,,Self,Dusty207 Harris789
082cfcb8-03c5-760a-e79a-e475ff4ac2b3,082cfcb8-03c5-760a-7f7a-be983eac96f4,2006-04-08T00:12:33Z,2007-04-07T00:12:33Z,a735bf55-83e9-331a-899d-a82a60b9f60c,b046940f-1664-3047-bca7-dfa76be352a4,Self,Michal596 Kutch271
082cfcb8-03c5-760a-e79a-e475ff4ac2b3,082cfcb8-03c5-760a-d8e2-b4888e842aff,2007-04-07T00:12:33Z,2008-04-05T00:12:33Z,a735bf55-83e9-331a-899d-a82a60b9f60c,b046940f-1664-3047-bca7-dfa76be352a4,Self,Michal596 Kutch271
082cfcb8-03c5-760a-e79a-e475ff4ac2b3,082cfcb8-03c5-760a-124d-571bc4bd7823,2008-04-05T00:12:33Z,2009-04-04T00:12:33Z,a735bf55-83e9-331a-899d-a82a60b9f60c,b046940f-1664-3047-bca7-dfa76be352a4,Self,Michal596 Kutch271
082cfcb8-03c5-760a-e79a-e475ff4ac2b3,082cfcb8-03c5-760a-0feb-d3f8ed36f376,2009-04-04T00:12:33Z,2010-04-10T00:12:33Z,a735bf55-83e9-331a-899d-a82a60b9f60c,b046940f-1664-3047-bca7-dfa76be352a4,Self,Michal596 Kutch271
082cfcb8-03c5-760a-e79a-e475ff4ac2b3,082cfcb8-03c5-760a-5155-00da577a87c5,2010-04-10T00:12:33Z,2011-04-09T00:12:33Z,a735bf55-83e9-331a-899d-a82a60b9f60c,b046940f-1664-3047-bca7-dfa76be352a4,Self,Michal596 Kutch271
082cfcb8-03c5-760a-e79a-e475ff4ac2b3,082cfcb8-03c5-760a-33f4-b94a3b734c9e,2011-04-09T00:12:33Z,2012-04-07T00:12:33Z,a735bf55-83e9-331a-899d-a82a60b9f60c,,Self,Michal596 Kutch271
402263d4-fe9e-7508-d1c0-0c94b20e2dab,402263d4-fe9e-7508-862b-9d07f72b6042,2018-10-10T17:03:30Z,2019-10-09T17:03:30Z,b046940f-1664-3047-bca7-dfa76be352a4,,Guardian,Janett802 Schaefer657
082cfcb8-03c5-760a-e79a-e475ff4ac2b3,082cfcb8-03c5-760a-9077-ec5b52c54b3f,2012-04-07T00:12:33Z,2013-04-06T00:12:33Z,a735bf55-83e9-331a-899d-a82a60b9f60c,b046940f-1664-3047-bca7-dfa76be352a4,Self,Michal596 Kutch271
082cfcb8-03c5-760a-e79a-e475ff4ac2b3,082cfcb8-03c5-760a-0f30-27f14f49e462,2013-04-06T00:12:33Z,2014-04-05T00:12:33Z,a735bf55-83e9-331a-899d-a82a60b9f60c,b046940f-1664-3047-bca7-dfa76be352a4,Self,Michal596 Kutch271
082cfcb8-03c5-760a-e79a-e475ff4ac2b3,082cfcb8-03c5-760a-92ee-58c28ae3113a,2014-04-05T00:12:33Z,2015-04-04T00:12:33Z,a735bf55-83e9-331a-899d-a82a60b9f60c,,Self,Michal596 Kutch271
082cfcb8-03c5-760a-e79a-e475ff4ac2b3,082cfcb8-03c5-760a-37be-01fc964318db,2015-04-04T00:12:33Z,2016-04-09T00:12:33Z,a735bf55-83e9-331a-899d-a82a60b9f60c,,Self,Michal596 Kutch271
082cfcb8-03c5-760a-e79a-e475ff4ac2b3,082cfcb8-03c5-760a-2c54-3ad737787f94,2016-04-09T00:12:33Z,2017-04-08T00:12:33Z,a735bf55-83e9-331a-899d-a82a60b9f60c,b046940f-1664-3047-bca7-dfa76be352a4,Self,Michal596 Kutch271
082cfcb8-03c5-760a-e79a-e475ff4ac2b3,082cfcb8-03c5-760a-0bfd-ab7f3e1d35ec,2017-04-08T00:12:33Z,2018-04-07T00:12:33Z,a735bf55-83e9-331a-899d-a82a60b9f60c,b046940f-1664-3047-bca7-dfa76be352a4,Self,Michal596 Kutch271
082cfcb8-03c5-760a-e79a-e475ff4ac2b3,082cfcb8-03c5-760a-e577-686e401e15d3,2018-04-07T00:12:33Z,2019-04-06T00:12:33Z,a735bf55-83e9-331a-899d-a82a60b9f60c,b046940f-1664-3047-bca7-dfa76be352a4,Self,Michal596 Kutch271
082cfcb8-03c5-760a-e79a-e475ff4ac2b3,082cfcb8-03c5-760a-c023-20bca451796b,2019-04-06T00:12:33Z,2020-04-04T00:12:33Z,a735bf55-83e9-331a-899d-a82a60b9f60c,b046940f-1664-3047-bca7-dfa76be352a4,Self,Michal596 Kutch271
082cfcb8-03c5-760a-e79a-e475ff4ac2b3,082cfcb8-03c5-760a-c188-99f2fa43d347,2020-04-04T00:12:33Z,2021-04-10T00:12:33Z,a735bf55-83e9-331a-899d-a82a60b9f60c,,Self,Michal596 Kutch271
082cfcb8-03c5-760a-e79a-e475ff4ac2b3,082cfcb8-03c5-760a-d424-818a55580d0e,2021-04-10T00:12:33Z,2022-04-09T00:12:33Z,a735bf55-83e9-331a-899d-a82a60b9f60c,b046940f-1664-3047-bca7-dfa76be352a4,Self,Michal596 Kutch271
082cfcb8-03c5-760a-e79a-e475ff4ac2b3,082cfcb8-03c5-760a-e6a4-04c48e333155,2022-04-09T00:12:33Z,2023-04-08T00:12:33Z,a735bf55-83e9-331a-899d-a82a60b9f60c,b046940f-1664-3047-bca7-dfa76be352a4,Self,Michal596 Kutch271
082cfcb8-03c5-760a-e79a-e475ff4ac2b3,082cfcb8-03c5-760a-da4f-48f925d66840,2023-04-08T00:12:33Z,2024-04-06T00:12:33Z,a735bf55-83e9-331a-899d-a82a60b9f60c,b046940f-1664-3047-bca7-dfa76be352a4,Self,Michal596 Kutch271
082cfcb8-03c5-760a-e79a-e475ff4ac2b3,082cfcb8-03c5-760a-cdaa-9bd7991b6bcd,2024-04-06T00:12:33Z,2025-04-05T00:12:33Z,a735bf55-83e9-331a-899d-a82a60b9f60c,b046940f-1664-3047-bca7-dfa76be352a4,Self,Michal596 Kutch271
082cfcb8-03c5-760a-e79a-e475ff4ac2b3,082cfcb8-03c5-760a-f334-955edca04c5c,2025-04-05T00:12:33Z,2026-04-04T00:12:33Z,a735bf55-83e9-331a-899d-a82a60b9f60c,b046940f-1664-3047-bca7-dfa76be352a4,Self,Michal596 Kutch271
082cfcb8-03c5-760a-e79a-e475ff4ac2b3,082cfcb8-03c5-760a-7f42-f572b46a4023,2026-04-04T00:12:33Z,2027-04-03T23:12:33Z,a735bf55-83e9-331a-899d-a82a60b9f60c,b046940f-1664-3047-bca7-dfa76be352a4,Self,Michal596 Kutch271
2e08cde0-6dae-163e-e687-80b44837f71e,2e08cde0-6dae-163e-7cf1-c49871e18bcd,1999-03-27T14:24:26Z,2000-03-25T14:24:26Z,df166300-5a78-3502-a46a-832842197811,,Self,Margert370 Goyette777
2e08cde0-6dae-163e-e687-80b44837f71e,2e08cde0-6dae-163e-8200-3517cc385f57,2000-03-25T14:24:26Z,2001-03-24T14:24:26Z,df166300-5a78-3502-a46a-832842197811,,Self,Margert370 Goyette777
2e08cde0-6dae-163e-e687-80b44837f71e,2e08cde0-6dae-163e-3880-1f926710ff57,2001-03-24T14:24:26Z,2002-03-23T14:24:26Z,df166300-5a78-3502-a46a-832842197811,,Self,Margert370 Goyette777
2e08cde0-6dae-163e-e687-80b44837f71e,2e08cde0-6dae-163e-aad8-839d244cdd1a,2002-03-23T14:24:26Z,2003-03-22T14:24:26Z,df166300-5a78-3502-a46a-832842197811,,Self,Margert370 Goyette777
fb912683-24b7-a0f5-da13-331a78184ff6,fb912683-24b7-a0f5-a588-315cef041362,1982-03-26T18:33:14Z,1983-03-25T18:33:14Z,26aab0cd-6aba-3e1b-ac5b-05c8867e762c,,Guardian,Janette321 Schneider199
fb912683-24b7-a0f5-da13-331a78184ff6,fb912683-24b7-a0f5-a588-315cef041362,1983-03-25T18:33:14Z,1984-03-23T18:33:14Z,26aab0cd-6aba-3e1b-ac5b-05c8867e762c,,Guardian,Janette321 Schneider199
06972620-193a-6505-89ee-238db3749376,06972620-193a-6505-832f-21385302b07e,2024-09-09T13:16:33Z,2025-09-08T13:16:33Z,df166300-5a78-3502-a46a-832842197811,,Self,Margarita164 Colón139
fb912683-24b7-a0f5-da13-331a78184ff6,fb912683-24b7-a0f5-a588-315cef041362,1984-03-23T18:33:14Z,1985-03-22T18:33:14Z,26aab0cd-6aba-3e1b-ac5b-05c8867e762c,,Guardian,Janette321 Schneider199
fb912683-24b7-a0f5-da13-331a78184ff6,fb912683-24b7-a0f5-a588-315cef041362,1985-03-22T18:33:14Z,1986-03-28T18:33:14Z,26aab0cd-6aba-3e1b-ac5b-05c8867e762c,,Guardian,Janette321 Schneider199
fb912683-24b7-a0f5-da13-331a78184ff6,fb912683-24b7-a0f5-a588-315cef041362,1986-03-28T18:33:14Z,1987-03-27T18:33:14Z,26aab0cd-6aba-3e1b-ac5b-05c8867e762c,,Guardian,Janette321 Schneider199
06972620-193a-6505-89ee-238db3749376,06972620-193a-6505-5387-cc2221f8f3ca,2025-09-08T13:16:33Z,2026-09-08T13:16:33Z,df166300-5a78-3502-a46a-832842197811,,Self,Margarita164 Colón139
fb912683-24b7-a0f5-da13-331a78184ff6,fb912683-24b7-a0f5-a588-315cef041362,1987-03-27T18:33:14Z,1988-03-25T18:33:14Z,26aab0cd-6aba-3e1b-ac5b-05c8867e762c,,Guardian,Janette321 Schneider199
fb912683-24b7-a0f5-da13-331a78184ff6,fb912683-24b7-a0f5-a588-315cef041362,1988-03-25T18:33:14Z,1989-03-24T18:33:14Z,26aab0cd-6aba-3e1b-ac5b-05c8867e762c,,Guardian,Janette321 Schneider199
fb912683-24b7-a0f5-da13-331a78184ff6,fb912683-24b7-a0f5-a588-315cef041362,1989-03-24T18:33:14Z,1990-03-23T18:33:14Z,26aab0cd-6aba-3e1b-ac5b-05c8867e762c,,Guardian,Janette321 Schneider199
2e08cde0-6dae-163e-e687-80b44837f71e,2e08cde0-6dae-163e-7e52-4ccd949e1f32,2003-03-22T14:24:26Z,2004-03-27T14:24:26Z,df166300-5a78-3502-a46a-832842197811,,Self,Margert370 Goyette777
2e08cde0-6dae-163e-e687-80b44837f71e,2e08cde0-6dae-163e-d7e2-980cd5f41d6c,2004-03-27T14:24:26Z,2005-03-26T14:24:26Z,df166300-5a78-3502-a46a-832842197811,,Self,Margert370 Goyette777
402263d4-fe9e-7508-d1c0-0c94b20e2dab,402263d4-fe9e-7508-862b-9d07f72b6042,2019-10-09T17:03:30Z,2020-10-07T17:03:30Z,b046940f-1664-3047-bca7-dfa76be352a4,,Guardian,Janett802 Schaefer657
402263d4-fe9e-7508-d1c0-0c94b20e2dab,402263d4-fe9e-7508-862b-9d07f72b6042,2020-10-07T17:03:30Z,2021-10-06T17:03:30Z,b046940f-1664-3047-bca7-dfa76be352a4,,Guardian,Janett802 Schaefer657
402263d4-fe9e-7508-d1c0-0c94b20e2dab,402263d4-fe9e-7508-862b-9d07f72b6042,2021-10-06T17:03:30Z,2022-10-12T17:03:30Z,b046940f-1664-3047-bca7-dfa76be352a4,,Guardian,Janett802 Schaefer657
3f737e6b-c2bd-2fe2-e9d5-25c65f04c896,3f737e6b-c2bd-2fe2-433f-ac74ac0cca6b,2019-07-27T16:58:39Z,2020-08-01T16:58:39Z,df166300-5a78-3502-a46a-832842197811,,Self,Dusty207 Harris789
3f737e6b-c2bd-2fe2-e9d5-25c65f04c896,3f737e6b-c2bd-2fe2-5719-dd15e2d3bb84,2020-08-01T16:58:39Z,2021-07-31T16:58:39Z,df166300-5a78-3502-a46a-832842197811,,Self,Dusty207 Harris789
3f737e6b-c2bd-2fe2-e9d5-25c65f04c896,3f737e6b-c2bd-2fe2-c1a6-07c065fb749e,2021-07-31T16:58:39Z,2022-07-30T16:58:39Z,df166300-5a78-3502-a46a-832842197811,,Self,Dusty207 Harris789
3f737e6b-c2bd-2fe2-e9d5-25c65f04c896,3f737e6b-c2bd-2fe2-482b-40e360fb6e0f,2022-07-30T16:58:39Z,2023-07-29T16:58:39Z,df166300-5a78-3502-a46a-832842197811,,Self,Dusty207 Harris789
402263d4-fe9e-7508-d1c0-0c94b20e2dab,402263d4-fe9e-7508-862b-9d07f72b6042,2022-10-12T17:03:30Z,2023-10-11T17:03:30Z,b046940f-1664-3047-bca7-dfa76be352a4,,Guardian,Janett802 Schaefer657
402263d4-fe9e-7508-d1c0-0c94b20e2dab,402263d4-fe9e-7508-862b-9d07f72b6042,2023-10-11T17:03:30Z,2024-10-09T17:03:30Z,b046940f-1664-3047-bca7-dfa76be352a4,,Guardian,Janett802 Schaefer657
402263d4-fe9e-7508-d1c0-0c94b20e2dab,402263d4-fe9e-7508-862b-9d07f72b6042,2024-10-09T17:03:30Z,2025-10-08T17:03:30Z,b046940f-1664-3047-bca7-dfa76be352a4,,Guardian,Janett802 Schaefer657
2e08cde0-6dae-163e-e687-80b44837f71e,2e08cde0-6dae-163e-04b1-fdec1f240ebc,2005-03-26T14:24:26Z,2006-03-25T14:24:26Z,df166300-5a78-3502-a46a-832842197811,,Self,Margert370 Goyette777
fb912683-24b7-a0f5-da13-331a78184ff6,fb912683-24b7-a0f5-a588-315cef041362,1990-03-23T18:33:14Z,1991-03-22T18:33:14Z,26aab0cd-6aba-3e1b-ac5b-05c8867e762c,,Guardian,Janette321 Schneider199
2e08cde0-6dae-163e-e687-80b44837f71e,2e08cde0-6dae-163e-5164-8d7c30dccc5f,2006-03-25T14:24:26Z,2007-03-24T14:24:26Z,df166300-5a78-3502-a46a-832842197811,,Self,Margert370 Goyette777
fb912683-24b7-a0f5-da13-331a78184ff6,fb912683-24b7-a0f5-a588-315cef041362,1991-03-22T18:33:14Z,1992-03-27T18:33:14Z,26aab0cd-6aba-3e1b-ac5b-05c8867e762c,,Guardian,Janette321 Schneider199
fb912683-24b7-a0f5-da13-331a78184ff6,fb912683-24b7-a0f5-a588-315cef041362,1992-03-27T18:33:14Z,1993-03-26T18:33:14Z,26aab0cd-6aba-3e1b-ac5b-05c8867e762c,,Guardian,Janette321 Schneider199
fb912683-24b7-a0f5-da13-331a78184ff6,fb912683-24b7-a0f5-a588-315cef041362,1993-03-26T18:33:14Z,1994-03-25T18:33:14Z,26aab0cd-6aba-3e1b-ac5b-05c8867e762c,,Guardian,Janette321 Schneider199
fb912683-24b7-a0f5-da13-331a78184ff6,fb912683-24b7-a0f5-22c5-f22289eff7e7,1994-03-25T18:33:14Z,1995-03-24T18:33:14Z,26aab0cd-6aba-3e1b-ac5b-05c8867e762c,,Self,Levi940 Feest103
fb912683-24b7-a0f5-da13-331a78184ff6,fb912683-24b7-a0f5-b249-18fde57952e5,1995-03-24T18:33:14Z,1996-03-22T18:33:14Z,26aab0cd-6aba-3e1b-ac5b-05c8867e762c,,Self,Levi940 Feest103
fb912683-24b7-a0f5-da13-331a78184ff6,fb912683-24b7-a0f5-9e7b-046343f9557b,1996-03-22T18:33:14Z,1997-03-28T18:33:14Z,26aab0cd-6aba-3e1b-ac5b-05c8867e762c,,Self,Levi940 Feest103
fb912683-24b7-a0f5-da13-331a78184ff6,fb912683-24b7-a0f5-fad2-3d0850cf5700,1997-03-28T18:33:14Z,1998-03-27T18:33:14Z,26aab0cd-6aba-3e1b-ac5b-05c8867e762c,,Self,Levi940 Feest103
fb912683-24b7-a0f5-da13-331a78184ff6,fb912683-24b7-a0f5-0014-64dc6baab7e7,1998-03-27T18:33:14Z,1999-03-26T18:33:14Z,26aab0cd-6aba-3e1b-ac5b-05c8867e762c,,Self,Levi940 Feest103
fb912683-24b7-a0f5-da13-331a78184ff6,fb912683-24b7-a0f5-7776-bb3f04baad4d,1999-03-26T18:33:14Z,2000-03-24T18:33:14Z,26aab0cd-6aba-3e1b-ac5b-05c8867e762c,,Self,Levi940 Feest103
fb912683-24b7-a0f5-da13-331a78184ff6,fb912683-24b7-a0f5-5769-5b915724c4de,2000-03-24T18:33:14Z,2001-03-23T18:33:14Z,26aab0cd-6aba-3e1b-ac5b-05c8867e762c,,Self,Levi940 Feest103
2e08cde0-6dae-163e-e687-80b44837f71e,2e08cde0-6dae-163e-9040-08ad75d8b846,2007-03-24T14:24:26Z,2008-03-22T14:24:26Z,df166300-5a78-3502-a46a-832842197811,,Self,Margert370 Goyette777
fb912683-24b7-a0f5-da13-331a78184ff6,fb912683-24b7-a0f5-895e-811ebab57825,2001-03-23T18:33:14Z,2002-03-22T18:33:14Z,26aab0cd-6aba-3e1b-ac5b-05c8867e762c,,Self,Levi940 Feest103
fb912683-24b7-a0f5-da13-331a78184ff6,fb912683-24b7-a0f5-b723-5ed04d3a3b69,2002-03-22T18:33:14Z,2003-03-28T18:33:14Z,26aab0cd-6aba-3e1b-ac5b-05c8867e762c,,Self,Levi940 Feest103
402263d4-fe9e-7508-d1c0-0c94b20e2dab,402263d4-fe9e-7508-862b-9d07f72b6042,2025-10-08T17:03:30Z,2026-10-06T17:03:30Z,b046940f-1664-3047-bca7-dfa76be352a4,,Guardian,Janett802 Schaefer657
fb912683-24b7-a0f5-da13-331a78184ff6,fb912683-24b7-a0f5-07ec-1e7c7ab46602,2003-03-28T18:33:14Z,2004-03-26T18:33:14Z,26aab0cd-6aba-3e1b-ac5b-05c8867e762c,,Spouse,Mrs. Feest103
3f737e6b-c2bd-2fe2-e9d5-25c65f04c896,3f737e6b-c2bd-2fe2-b745-71a76fe32c28,2023-07-29T16:58:39Z,2024-07-27T16:58:39Z,df166300-5a78-3502-a46a-832842197811,,Self,Dusty207 Harris789
3f737e6b-c2bd-2fe2-e9d5-25c65f04c896,3f737e6b-c2bd-2fe2-1b32-ddf877ef5d5c,2024-07-27T16:58:39Z,2025-08-02T16:58:39Z,df166300-5a78-3502-a46a-832842197811,,Self,Dusty207 Harris789
fb912683-24b7-a0f5-da13-331a78184ff6,fb912683-24b7-a0f5-3a6e-72b82bb7497c,2004-03-26T18:33:14Z,2005-03-25T18:33:14Z,26aab0cd-6aba-3e1b-ac5b-05c8867e762c,,Self,Levi940 Feest103
3f737e6b-c2bd-2fe2-e9d5-25c65f04c896,3f737e6b-c2bd-2fe2-02b6-0637980f12dc,2025-08-02T16:58:39Z,2026-07-27T16:58:39Z,df166300-5a78-3502-a46a-832842197811,,Self,Dusty207 Harris789
2e08cde0-6dae-163e-e687-80b44837f71e,2e08cde0-6dae-163e-4720-ed5bb18396a0,2008-03-22T14:24:26Z,2009-03-21T14:24:26Z,df166300-5a78-3502-a46a-832842197811,,Self,Margert370 Goyette777
2e08cde0-6dae-163e-e687-80b44837f71e,2e08cde0-6dae-163e-cf14-ff97fc3530ad,2009-03-21T14:24:26Z,2010-03-27T14:24:26Z,df166300-5a78-3502-a46a-832842197811,,Self,Margert370 Goyette777
2e08cde0-6dae-163e-e687-80b44837f71e,2e08cde0-6dae-163e-1259-a01a34e4bc5a,2010-03-27T14:24:26Z,2011-03-26T14:24:26Z,df166300-5a78-3502-a46a-832842197811,,Self,Margert370 Goyette777
2e08cde0-6dae-163e-e687-80b44837f71e,2e08cde0-6dae-163e-bbe9-be2d40668fd1,2011-03-26T14:24:26Z,2012-03-24T14:24:26Z,df166300-5a78-3502-a46a-832842197811,,Self,Margert370 Goyette777
2e08cde0-6dae-163e-e687-80b44837f71e,2e08cde0-6dae-163e-3cde-5a8e5d4a8e2c,2012-03-24T14:24:26Z,2013-03-23T14:24:26Z,df166300-5a78-3502-a46a-832842197811,,Self,Margert370 Goyette777
2e08cde0-6dae-163e-e687-80b44837f71e,2e08cde0-6dae-163e-d6ed-cbc31019fc2e,2013-03-23T14:24:26Z,2014-03-22T14:24:26Z,df166300-5a78-3502-a46a-832842197811,,Self,Margert370 Goyette777
fb912683-24b7-a0f5-da13-331a78184ff6,fb912683-24b7-a0f5-4673-15d03df54f49,2005-03-25T18:33:14Z,2006-03-24T18:33:14Z,26aab0cd-6aba-3e1b-ac5b-05c8867e762c,,Self,Levi940 Feest103
2e08cde0-6dae-163e-e687-80b44837f71e,2e08cde0-6dae-163e-66e6-8255300136b4,2014-03-22T14:24:26Z,2015-03-21T14:24:26Z,df166300-5a78-3502-a46a-832842197811,,Self,Margert370 Goyette777
fb912683-24b7-a0f5-da13-331a78184ff6,fb912683-24b7-a0f5-acb9-2d714c84b59f,2006-03-24T18:33:14Z,2007-03-23T18:33:14Z,26aab0cd-6aba-3e1b-ac5b-05c8867e762c,,Spouse,Mrs. Feest103
fb912683-24b7-a0f5-da13-331a78184ff6,fb912683-24b7-a0f5-55d9-75ded7bddc32,2007-03-23T18:33:14Z,2008-03-21T18:33:14Z,26aab0cd-6aba-3e1b-ac5b-05c8867e762c,,Self,Levi940 Feest103
2e08cde0-6dae-163e-e687-80b44837f71e,2e08cde0-6dae-163e-2a63-8123e1d7843e,2015-03-21T14:24:26Z,2016-03-26T14:24:26Z,df166300-5a78-3502-a46a-832842197811,,Self,Margert370 Goyette777
fb912683-24b7-a0f5-da13-331a78184ff6,fb912683-24b7-a0f5-caa8-6e5bda8f5a18,2008-03-21T18:33:14Z,2009-03-27T18:33:14Z,26aab0cd-6aba-3e1b-ac5b-05c8867e762c,,Self,Levi940 Feest103
fb912683-24b7-a0f5-da13-331a78184ff6,fb912683-24b7-a0f5-63b4-8a7829545785,2009-03-27T18:33:14Z,2010-03-26T18:33:14Z,26aab0cd-6aba-3e1b-ac5b-05c8867e762c,,Spouse,Mrs. Feest103
2e08cde0-6dae-163e-e687-80b44837f71e,2e08cde0-6dae-163e-3f46-95a1e84b87e4,2016-03-26T14:24:26Z,2017-03-25T14:24:26Z,df166300-5a78-3502-a46a-832842197811,,Self,Margert370 Goyette777
fb912683-24b7-a0f5-da13-331a78184ff6,fb912683-24b7-a0f5-4580-18b627a5b163,2010-03-26T18:33:14Z,2011-03-25T18:33:14Z,26aab0cd-6aba-3e1b-ac5b-05c8867e762c,,Self,Levi940 Feest103
2e08cde0-6dae-163e-e687-80b44837f71e,2e08cde0-6dae-163e-4629-28a64f898a49,2017-03-25T14:24:26Z,2018-03-24T14:24:26Z,df166300-5a78-3502-a46a-832842197811,,Self,Margert370 Goyette777
2e08cde0-6dae-163e-e687-80b44837f71e,2e08cde0-6dae-163e-9619-41842708fac1,2018-03-24T14:24:26Z,2019-03-23T14:24:26Z,df166300-5a78-3502-a46a-832842197811,,Self,Margert370 Goyette777
2e08cde0-6dae-163e-e687-80b44837f71e,2e08cde0-6dae-163e-949e-02f0f66161cd,2019-03-23T14:24:26Z,2020-03-21T14:24:26Z,df166300-5a78-3502-a46a-832842197811,,Self,Margert370 Goyette777
2e08cde0-6dae-163e-e687-80b44837f71e,2e08cde0-6dae-163e-fa0b-bc24fca9f7db,2020-03-21T14:24:26Z,2021-03-27T14:24:26Z,df166300-5a78-3502-a46a-832842197811,,Self,Margert370 Goyette777
2e08cde0-6dae-163e-e687-80b44837f71e,2e08cde0-6dae-163e-2992-5ddd02821350,2021-03-27T14:24:26Z,2022-03-26T14:24:26Z,df166300-5a78-3502-a46a-832842197811,,Spouse,Mr. Thiel172
fb912683-24b7-a0f5-da13-331a78184ff6,fb912683-24b7-a0f5-119d-c7f978357499,2011-03-25T18:33:14Z,2012-03-23T18:33:14Z,26aab0cd-6aba-3e1b-ac5b-05c8867e762c,,Spouse,Mrs. Feest103
2e08cde0-6dae-163e-e687-80b44837f71e,2e08cde0-6dae-163e-9e17-8740a92c4803,2022-03-26T14:24:26Z,2023-03-25T14:24:26Z,df166300-5a78-3502-a46a-832842197811,,Self,Margert370 Dannie881 Thiel172
fb912683-24b7-a0f5-da13-331a78184ff6,fb912683-24b7-a0f5-569b-b7758e8f08a1,2012-03-23T18:33:14Z,2013-03-22T18:33:14Z,26aab0cd-6aba-3e1b-ac5b-05c8867e762c,,Self,Levi940 Feest103
fb912683-24b7-a0f5-da13-331a78184ff6,fb912683-24b7-a0f5-1bc6-010132386f10,2013-03-22T18:33:14Z,2014-03-21T18:33:14Z,26aab0cd-6aba-3e1b-ac5b-05c8867e762c,,Spouse,Mrs. Feest103
fb912683-24b7-a0f5-da13-331a78184ff6,fb912683-24b7-a0f5-1215-ad411a146352,2014-03-21T18:33:14Z,2015-03-27T18:33:14Z,26aab0cd-6aba-3e1b-ac5b-05c8867e762c,,Spouse,Mrs. Feest103
fb912683-24b7-a0f5-da13-331a78184ff6,fb912683-24b7-a0f5-a99d-0652768bad29,2015-03-27T18:33:14Z,2016-03-25T18:33:14Z,26aab0cd-6aba-3e1b-ac5b-05c8867e762c,,Spouse,Mrs. Feest103
2e08cde0-6dae-163e-e687-80b44837f71e,2e08cde0-6dae-163e-e75e-bf00d6f2a03e,2023-03-25T14:24:26Z,2024-03-23T14:24:26Z,df166300-5a78-3502-a46a-832842197811,,Spouse,Mr. Thiel172
2e08cde0-6dae-163e-e687-80b44837f71e,2e08cde0-6dae-163e-e38f-5111c7e823a5,2024-03-23T14:24:26Z,2025-03-22T14:24:26Z,df166300-5a78-3502-a46a-832842197811,,Self,Margert370 Dannie881 Thiel172
2e08cde0-6dae-163e-e687-80b44837f71e,2e08cde0-6dae-163e-3a04-e81e44885741,2025-03-22T14:24:26Z,2026-03-21T14:24:26Z,df166300-5a78-3502-a46a-832842197811,,Self,Margert370 Dannie881 Thiel172
fb912683-24b7-a0f5-da13-331a78184ff6,fb912683-24b7-a0f5-860a-d91ae3413aff,2016-03-25T18:33:14Z,2017-03-24T18:33:14Z,26aab0cd-6aba-3e1b-ac5b-05c8867e762c,,Spouse,Mrs. Feest103
fb912683-24b7-a0f5-da13-331a78184ff6,fb912683-24b7-a0f5-f494-e67ee2e21508,2017-03-24T18:33:14Z,2018-03-23T18:33:14Z,26aab0cd-6aba-3e1b-ac5b-05c8867e762c,,Self,Levi940 Feest103
fb912683-24b7-a0f5-da13-331a78184ff6,fb912683-24b7-a0f5-5793-b9ca1435a8d8,2018-03-23T18:33:14Z,2019-03-22T18:33:14Z,26aab0cd-6aba-3e1b-ac5b-05c8867e762c,,Self,Levi940 Feest103
fb912683-24b7-a0f5-da13-331a78184ff6,fb912683-24b7-a0f5-8b4d-a850c178d8fa,2019-03-22T18:33:14Z,2020-03-27T18:33:14Z,26aab0cd-6aba-3e1b-ac5b-05c8867e762c,,Self,Levi940 Feest103
2e08cde0-6dae-163e-e687-80b44837f71e,2e08cde0-6dae-163e-4c7a-7250310ff90d,2026-03-21T14:24:26Z,2027-03-21T13:24:26Z,df166300-5a78-3502-a46a-832842197811,,Self,Margert370 Dannie881 Thiel172
fb912683-24b7-a0f5-da13-331a78184ff6,fb912683-24b7-a0f5-4dd0-37c844a91b94,2020-03-27T18:33:14Z,2021-03-26T18:33:14Z,26aab0cd-6aba-3e1b-ac5b-05c8867e762c,,Self,Levi940 Feest103
fb912683-24b7-a0f5-da13-331a78184ff6,fb912683-24b7-a0f5-657f-e3b53ed3e656,2021-03-26T18:33:14Z,2022-03-25T18:33:14Z,26aab0cd-6aba-3e1b-ac5b-05c8867e762c,,Spouse,Mrs. Feest103
fb912683-24b7-a0f5-da13-331a78184ff6,fb912683-24b7-a0f5-2430-bcdd63750994,2022-03-25T18:33:14Z,2023-03-24T18:33:14Z,26aab0cd-6aba-3e1b-ac5b-05c8867e762c,,Spouse,Mrs. Feest103
fb912683-24b7-a0f5-da13-331a78184ff6,fb912683-24b7-a0f5-2976-71736ec91be0,2023-03-24T18:33:14Z,2024-03-22T18:33:14Z,26aab0cd-6aba-3e1b-ac5b-05c8867e762c,,Spouse,Mrs. Feest103
fb912683-24b7-a0f5-da13-331a78184ff6,fb912683-24b7-a0f5-d942-e8227eae7c11,2024-03-22T18:33:14Z,2025-03-21T18:33:14Z,26aab0cd-6aba-3e1b-ac5b-05c8867e762c,,Self,Levi940 Feest103
fb912683-24b7-a0f5-da13-331a78184ff6,fb912683-24b7-a0f5-44f0-99e2081302ca,2025-03-21T18:33:14Z,2026-03-27T18:33:14Z,26aab0cd-6aba-3e1b-ac5b-05c8867e762c,,Spouse,Mrs. Feest103
fb912683-24b7-a0f5-da13-331a78184ff6,fb912683-24b7-a0f5-5da8-445efc165895,2026-03-27T18:33:14Z,2027-03-21T18:33:14Z,26aab0cd-6aba-3e1b-ac5b-05c8867e762c,,Spouse,Mrs. Feest103
6f71a500-9f58-8ff6-eb0c-b3ef0438b520,6f71a500-9f58-8ff6-4b62-582f66b60e12,2022-04-15T10:23:34Z,2023-04-21T10:23:34Z,734afbd6-4794-363b-9bc0-6a3981533ed5,,Guardian,Loyd638 Lang846
6f71a500-9f58-8ff6-eb0c-b3ef0438b520,6f71a500-9f58-8ff6-1877-734ce7359634,2023-04-21T10:23:34Z,2024-04-19T10:23:34Z,a735bf55-83e9-331a-899d-a82a60b9f60c,b046940f-1664-3047-bca7-dfa76be352a4,Self,Robbie31 Lang846
6f71a500-9f58-8ff6-eb0c-b3ef0438b520,6f71a500-9f58-8ff6-7c2b-c6496338a6cd,2024-04-19T10:23:34Z,2025-04-18T10:23:34Z,a735bf55-83e9-331a-899d-a82a60b9f60c,b046940f-1664-3047-bca7-dfa76be352a4,Self,Robbie31 Lang846
6f71a500-9f58-8ff6-eb0c-b3ef0438b520,6f71a500-9f58-8ff6-6252-e3d9fa4fa2a2,2025-04-18T10:23:34Z,2026-04-15T10:23:34Z,a735bf55-83e9-331a-899d-a82a60b9f60c,,Self,Robbie31 Lang846
c71f0e05-6b20-dfbd-463e-23f812ba6a72,c71f0e05-6b20-dfbd-9938-05bf9ba66a0b,2020-08-11T13:45:46Z,2021-08-17T13:45:46Z,df166300-5a78-3502-a46a-832842197811,,Self,Oren284 Volkman526
c71f0e05-6b20-dfbd-463e-23f812ba6a72,c71f0e05-6b20-dfbd-5366-746826bf3390,2021-08-17T13:45:46Z,2022-08-16T13:45:46Z,df166300-5a78-3502-a46a-832842197811,,Self,Oren284 Volkman526
c71f0e05-6b20-dfbd-463e-23f812ba6a72,c71f0e05-6b20-dfbd-a012-f1ff9ca741d4,2022-08-16T13:45:46Z,2023-08-15T13:45:46Z,734afbd6-4794-363b-9bc0-6a3981533ed5,,Guardian,Mika226 O'Hara248
c71f0e05-6b20-dfbd-463e-23f812ba6a72,c71f0e05-6b20-dfbd-a012-f1ff9ca741d4,2023-08-15T13:45:46Z,2024-08-13T13:45:46Z,734afbd6-4794-363b-9bc0-6a3981533ed5,,Guardian,Mika226 O'Hara248
c71f0e05-6b20-dfbd-463e-23f812ba6a72,c71f0e05-6b20-dfbd-a012-f1ff9ca741d4,2024-08-13T13:45:46Z,2025-08-12T13:45:46Z,734afbd6-4794-363b-9bc0-6a3981533ed5,,Guardian,Mika226 O'Hara248
c71f0e05-6b20-dfbd-463e-23f812ba6a72,c71f0e05-6b20-dfbd-73f7-53b1f959f9d4,2025-08-12T13:45:46Z,2026-08-11T13:45:46Z,a735bf55-83e9-331a-899d-a82a60b9f60c,b046940f-1664-3047-bca7-dfa76be352a4,Self,Oren284 Volkman526
13ca28c9-92cf-1251-c5b4-5ae7d7a1e055,,1975-02-18T05:13:12Z,1976-02-24T05:13:12Z,e03e23c9-4df1-3eb6-a62d-f70f02301496,,,
13ca28c9-92cf-1251-c5b4-5ae7d7a1e055,,1976-02-24T05:13:12Z,1977-02-22T05:13:12Z,e03e23c9-4df1-3eb6-a62d-f70f02301496,,,
13ca28c9-92cf-1251-c5b4-5ae7d7a1e055,,1977-02-22T05:13:12Z,1978-02-21T05:13:12Z,e03e23c9-4df1-3eb6-a62d-f70f02301496,,,
13ca28c9-92cf-1251-c5b4-5ae7d7a1e055,,1978-02-21T05:13:12Z,1979-02-20T05:13:12Z,e03e23c9-4df1-3eb6-a62d-f70f02301496,,,
13ca28c9-92cf-1251-c5b4-5ae7d7a1e055,,1979-02-20T05:13:12Z,1980-02-19T05:13:12Z,e03e23c9-4df1-3eb6-a62d-f70f02301496,,,
13ca28c9-92cf-1251-c5b4-5ae7d7a1e055,,1980-02-19T05:13:12Z,1981-02-24T05:13:12Z,e03e23c9-4df1-3eb6-a62d-f70f02301496,,,
13ca28c9-92cf-1251-c5b4-5ae7d7a1e055,,1981-02-24T05:13:12Z,1982-02-23T05:13:12Z,e03e23c9-4df1-3eb6-a62d-f70f02301496,,,
13ca28c9-92cf-1251-c5b4-5ae7d7a1e055,,1982-02-23T05:13:12Z,1983-02-22T05:13:12Z,e03e23c9-4df1-3eb6-a62d-f70f02301496,,,
13ca28c9-92cf-1251-c5b4-5ae7d7a1e055,,1983-02-22T05:13:12Z,1984-02-21T05:13:12Z,e03e23c9-4df1-3eb6-a62d-f70f02301496,,,
13ca28c9-92cf-1251-c5b4-5ae7d7a1e055,,1984-02-21T05:13:12Z,1985-02-19T05:13:12Z,e03e23c9-4df1-3eb6-a62d-f70f02301496,,,
13ca28c9-92cf-1251-c5b4-5ae7d7a1e055,,1985-02-19T05:13:12Z,1986-02-18T05:13:12Z,e03e23c9-4df1-3eb6-a62d-f70f02301496,,,
13ca28c9-92cf-1251-c5b4-5ae7d7a1e055,,1986-02-18T05:13:12Z,1987-02-24T05:13:12Z,e03e23c9-4df1-3eb6-a62d-f70f02301496,,,
13ca28c9-92cf-1251-c5b4-5ae7d7a1e055,,1987-02-24T05:13:12Z,1988-02-23T05:13:12Z,e03e23c9-4df1-3eb6-a62d-f70f02301496,,,
13ca28c9-92cf-1251-c5b4-5ae7d7a1e055,,1988-02-23T05:13:12Z,1989-02-21T05:13:12Z,e03e23c9-4df1-3eb6-a62d-f70f02301496,,,
13ca28c9-92cf-1251-c5b4-5ae7d7a1e055,,1989-02-21T05:13:12Z,1990-02-20T05:13:12Z,e03e23c9-4df1-3eb6-a62d-f70f02301496,,,
13ca28c9-92cf-1251-c5b4-5ae7d7a1e055,,1990-02-20T05:13:12Z,1991-02-19T05:13:12Z,e03e23c9-4df1-3eb6-a62d-f70f02301496,,,
13ca28c9-92cf-1251-c5b4-5ae7d7a1e055,13ca28c9-92cf-1251-6205-81c4df60be3a,1991-02-19T05:13:12Z,1992-02-18T05:13:12Z,df166300-5a78-3502-a46a-832842197811,,Self,Jacquline932 Cremin516
13ca28c9-92cf-1251-c5b4-5ae7d7a1e055,,1992-02-18T05:13:12Z,1993-02-23T05:13:12Z,e03e23c9-4df1-3eb6-a62d-f70f02301496,,,
13ca28c9-92cf-1251-c5b4-5ae7d7a1e055,13ca28c9-92cf-1251-fe1b-c7e5d8724d05,1993-02-23T05:13:12Z,1994-02-22T05:13:12Z,df166300-5a78-3502-a46a-832842197811,,Self,Jacquline932 Cremin516
13ca28c9-92cf-1251-c5b4-5ae7d7a1e055,,1994-02-22T05:13:12Z,1995-02-21T05:13:12Z,e03e23c9-4df1-3eb6-a62d-f70f02301496,,,
13ca28c9-92cf-1251-c5b4-5ae7d7a1e055,13ca28c9-92cf-1251-6cb1-11deff6b09a5,1995-02-21T05:13:12Z,1996-02-20T05:13:12Z,df166300-5a78-3502-a46a-832842197811,,Self,Jacquline932 Cremin516
13ca28c9-92cf-1251-c5b4-5ae7d7a1e055,,1996-02-20T05:13:12Z,1997-02-18T05:13:12Z,e03e23c9-4df1-3eb6-a62d-f70f02301496,,,
13ca28c9-92cf-1251-c5b4-5ae7d7a1e055,,1997-02-18T05:13:12Z,1998-02-24T05:13:12Z,e03e23c9-4df1-3eb6-a62d-f70f02301496,,,
13ca28c9-92cf-1251-c5b4-5ae7d7a1e055,,1998-02-24T05:13:12Z,1999-02-23T05:13:12Z,e03e23c9-4df1-3eb6-a62d-f70f02301496,,,
13ca28c9-92cf-1251-c5b4-5ae7d7a1e055,,1999-02-23T05:13:12Z,2000-02-22T05:13:12Z,e03e23c9-4df1-3eb6-a62d-f70f02301496,,,
13ca28c9-92cf-1251-c5b4-5ae7d7a1e055,,2000-02-22T05:13:12Z,2001-02-20T05:13:12Z,e03e23c9-4df1-3eb6-a62d-f70f02301496,,,
13ca28c9-92cf-1251-c5b4-5ae7d7a1e055,13ca28c9-92cf-1251-706b-dba50e53ca29,2001-02-20T05:13:12Z,2002-02-19T05:13:12Z,df166300-5a78-3502-a46a-832842197811,,Self,Jacquline932 Cremin516
13ca28c9-92cf-1251-c5b4-5ae7d7a1e055,,2002-02-19T05:13:12Z,2003-02-18T05:13:12Z,e03e23c9-4df1-3eb6-a62d-f70f02301496,,,
13ca28c9-92cf-1251-c5b4-5ae7d7a1e055,13ca28c9-92cf-1251-febe-39bf565c91ef,2003-02-18T05:13:12Z,2004-02-24T05:13:12Z,df166300-5a78-3502-a46a-832842197811,,Self,Jacquline932 Cremin516
13ca28c9-92cf-1251-c5b4-5ae7d7a1e055,,2004-02-24T05:13:12Z,2005-02-22T05:13:12Z,e03e23c9-4df1-3eb6-a62d-f70f02301496,,,
13ca28c9-92cf-1251-c5b4-5ae7d7a1e055,13ca28c9-92cf-1251-ad59-ac8a0f4dbab6,2005-02-22T05:13:12Z,2006-02-21T05:13:12Z,df166300-5a78-3502-a46a-832842197811,,Spouse,Mr. Pacocha935
13ca28c9-92cf-1251-c5b4-5ae7d7a1e055,13ca28c9-92cf-1251-f33b-e6f921326797,2006-02-21T05:13:12Z,2007-02-20T05:13:12Z,734afbd6-4794-363b-9bc0-6a3981533ed5,,Self,Jacquline932 Pacocha935
13ca28c9-92cf-1251-c5b4-5ae7d7a1e055,13ca28c9-92cf-1251-7312-c411596f085d,2007-02-20T05:13:12Z,2008-02-19T05:13:12Z,734afbd6-4794-363b-9bc0-6a3981533ed5,,Spouse,Mr. Pacocha935
13ca28c9-92cf-1251-c5b4-5ae7d7a1e055,13ca28c9-92cf-1251-1278-ff26813bfd44,2008-02-19T05:13:12Z,2009-02-24T05:13:12Z,734afbd6-4794-363b-9bc0-6a3981533ed5,,Self,Jacquline932 Pacocha935
13ca28c9-92cf-1251-c5b4-5ae7d7a1e055,13ca28c9-92cf-1251-8016-1a475da5fd87,2009-02-24T05:13:12Z,2010-02-23T05:13:12Z,734afbd6-4794-363b-9bc0-6a3981533ed5,,Spouse,Mr. Pacocha935
13ca28c9-92cf-1251-c5b4-5ae7d7a1e055,13ca28c9-92cf-1251-cd25-08bb8d1fc290,2010-02-23T05:13:12Z,2011-02-22T05:13:12Z,734afbd6-4794-363b-9bc0-6a3981533ed5,,Spouse,Mr. Pacocha935
13ca28c9-92cf-1251-c5b4-5ae7d7a1e055,13ca28c9-92cf-1251-5421-50b40805c3d8,2011-02-22T05:13:12Z,2012-02-21T05:13:12Z,734afbd6-4794-363b-9bc0-6a3981533ed5,,Self,Jacquline932 Pacocha935
13ca28c9-92cf-1251-c5b4-5ae7d7a1e055,13ca28c9-92cf-1251-82fc-a3e208945209,2012-02-21T05:13:12Z,2013-02-19T05:13:12Z,734afbd6-4794-363b-9bc0-6a3981533ed5,,Self,Jacquline932 Pacocha935
13ca28c9-92cf-1251-c5b4-5ae7d7a1e055,13ca28c9-92cf-1251-677f-c98479b6ceb5,2013-02-19T05:13:12Z,2014-02-18T05:13:12Z,734afbd6-4794-363b-9bc0-6a3981533ed5,,Self,Jacquline932 Pacocha935
13ca28c9-92cf-1251-c5b4-5ae7d7a1e055,13ca28c9-92cf-1251-b969-50595bdf9514,2014-02-18T05:13:12Z,2015-02-24T05:13:12Z,734afbd6-4794-363b-9bc0-6a3981533ed5,,Self,Jacquline932 Pacocha935
13ca28c9-92cf-1251-c5b4-5ae7d7a1e055,13ca28c9-92cf-1251-ad91-8866c43aa300,2015-02-24T05:13:12Z,2016-02-23T05:13:12Z,734afbd6-4794-363b-9bc0-6a3981533ed5,,Self,Jacquline932 Pacocha935
13ca28c9-92cf-1251-c5b4-5ae7d7a1e055,13ca28c9-92cf-1251-e889-4fe64baef64e,2016-02-23T05:13:12Z,2017-02-21T05:13:12Z,734afbd6-4794-363b-9bc0-6a3981533ed5,,Self,Jacquline932 Pacocha935
13ca28c9-92cf-1251-c5b4-5ae7d7a1e055,13ca28c9-92cf-1251-19ce-ea6b96da69f6,2017-02-21T05:13:12Z,2018-02-20T05:13:12Z,734afbd6-4794-363b-9bc0-6a3981533ed5,,Self,Jacquline932 Pacocha935
13ca28c9-92cf-1251-c5b4-5ae7d7a1e055,13ca28c9-92cf-1251-bf40-3c5a8a893857,2018-02-20T05:13:12Z,2019-02-19T05:13:12Z,734afbd6-4794-363b-9bc0-6a3981533ed5,,Self,Jacquline932 Pacocha935
13ca28c9-92cf-1251-c5b4-5ae7d7a1e055,13ca28c9-92cf-1251-d98b-6cb38b4fa5f6,2019-02-19T05:13:12Z,2020-02-18T05:13:12Z,734afbd6-4794-363b-9bc0-6a3981533ed5,,Self,Jacquline932 Pacocha935
13ca28c9-92cf-1251-c5b4-5ae7d7a1e055,13ca28c9-92cf-1251-4350-eb766567469b,2020-02-18T05:13:12Z,2021-02-23T05:13:12Z,734afbd6-4794-363b-9bc0-6a3981533ed5,,Self,Jacquline932 Pacocha935
13ca28c9-92cf-1251-c5b4-5ae7d7a1e055,13ca28c9-92cf-1251-20ce-a92e24b37c14,2021-02-23T05:13:12Z,2022-02-22T05:13:12Z,734afbd6-4794-363b-9bc0-6a3981533ed5,,Self,Jacquline932 Pacocha935
13ca28c9-92cf-1251-c5b4-5ae7d7a1e055,13ca28c9-92cf-1251-1aee-3512df4c2b0c,2022-02-22T05:13:12Z,2023-02-21T05:13:12Z,734afbd6-4794-363b-9bc0-6a3981533ed5,,Self,Jacquline932 Pacocha935
13ca28c9-92cf-1251-c5b4-5ae7d7a1e055,13ca28c9-92cf-1251-f29a-9050bbc053b1,2023-02-21T05:13:12Z,2024-02-20T05:13:12Z,734afbd6-4794-363b-9bc0-6a3981533ed5,,Self,Jacquline932 Pacocha935
13ca28c9-92cf-1251-c5b4-5ae7d7a1e055,13ca28c9-92cf-1251-db0b-e240b5bb0579,2024-02-20T05:13:12Z,2025-02-18T05:13:12Z,734afbd6-4794-363b-9bc0-6a3981533ed5,,Self,Jacquline932 Pacocha935
13ca28c9-92cf-1251-c5b4-5ae7d7a1e055,13ca28c9-92cf-1251-6dc1-322c1e2402fc,2025-02-18T05:13:12Z,2026-02-24T05:13:12Z,734afbd6-4794-363b-9bc0-6a3981533ed5,,Self,Jacquline932 Pacocha935
13ca28c9-92cf-1251-c5b4-5ae7d7a1e055,13ca28c9-92cf-1251-26ec-aa8d74277382,2026-02-24T05:13:12Z,2027-02-18T05:13:12Z,734afbd6-4794-363b-9bc0-6a3981533ed5,,Self,Jacquline932 Pacocha935
c4c22358-ecbd-8eab-d204-395351ea8be8,,1984-09-27T01:39:56Z,1985-10-03T01:39:56Z,e03e23c9-4df1-3eb6-a62d-f70f02301496,,,
c4c22358-ecbd-8eab-d204-395351ea8be8,,1985-10-03T01:39:56Z,1986-10-02T01:39:56Z,e03e23c9-4df1-3eb6-a62d-f70f02301496,,,
c4c22358-ecbd-8eab-d204-395351ea8be8,,1986-10-02T01:39:56Z,1987-10-01T01:39:56Z,e03e23c9-4df1-3eb6-a62d-f70f02301496,,,
c4c22358-ecbd-8eab-d204-395351ea8be8,,1987-10-01T01:39:56Z,1988-09-29T01:39:56Z,e03e23c9-4df1-3eb6-a62d-f70f02301496,,,
c4c22358-ecbd-8eab-d204-395351ea8be8,,1988-09-29T01:39:56Z,1989-09-28T01:39:56Z,e03e23c9-4df1-3eb6-a62d-f70f02301496,,,
c4c22358-ecbd-8eab-d204-395351ea8be8,,1989-09-28T01:39:56Z,1990-09-27T01:39:56Z,e03e23c9-4df1-3eb6-a62d-f70f02301496,,,
c4c22358-ecbd-8eab-d204-395351ea8be8,,1990-09-27T01:39:56Z,1991-10-03T01:39:56Z,e03e23c9-4df1-3eb6-a62d-f70f02301496,,,
c4c22358-ecbd-8eab-d204-395351ea8be8,,1991-10-03T01:39:56Z,1992-10-01T01:39:56Z,e03e23c9-4df1-3eb6-a62d-f70f02301496,,,
c4c22358-ecbd-8eab-d204-395351ea8be8,,1992-10-01T01:39:56Z,1993-09-30T01:39:56Z,e03e23c9-4df1-3eb6-a62d-f70f02301496,,,
c4c22358-ecbd-8eab-d204-395351ea8be8,,1993-09-30T01:39:56Z,1994-09-29T01:39:56Z,e03e23c9-4df1-3eb6-a62d-f70f02301496,,,
c4c22358-ecbd-8eab-d204-395351ea8be8,,1994-09-29T01:39:56Z,1995-09-28T01:39:56Z,e03e23c9-4df1-3eb6-a62d-f70f02301496,,,
c4c22358-ecbd-8eab-d204-395351ea8be8,,1995-09-28T01:39:56Z,1996-10-03T01:39:56Z,e03e23c9-4df1-3eb6-a62d-f70f02301496,,,
c4c22358-ecbd-8eab-d204-395351ea8be8,,1996-10-03T01:39:56Z,1997-10-02T01:39:56Z,e03e23c9-4df1-3eb6-a62d-f70f02301496,,,
c4c22358-ecbd-8eab-d204-395351ea8be8,,1997-10-02T01:39:56Z,1998-10-01T01:39:56Z,e03e23c9-4df1-3eb6-a62d-f70f02301496,,,
c4c22358-ecbd-8eab-d204-395351ea8be8,,1998-10-01T01:39:56Z,1999-09-30T01:39:56Z,e03e23c9-4df1-3eb6-a62d-f70f02301496,,,
c4c22358-ecbd-8eab-d204-395351ea8be8,,1999-09-30T01:39:56Z,2000-09-28T01:39:56Z,e03e23c9-4df1-3eb6-a62d-f70f02301496,,,
c4c22358-ecbd-8eab-d204-395351ea8be8,,2000-09-28T01:39:56Z,2001-09-27T01:39:56Z,e03e23c9-4df1-3eb6-a62d-f70f02301496,,,
c4c22358-ecbd-8eab-d204-395351ea8be8,,2001-09-27T01:39:56Z,2002-10-03T01:39:56Z,e03e23c9-4df1-3eb6-a62d-f70f02301496,,,
c4c22358-ecbd-8eab-d204-395351ea8be8,,2002-10-03T01:39:56Z,2003-10-02T01:39:56Z,e03e23c9-4df1-3eb6-a62d-f70f02301496,,,
c4c22358-ecbd-8eab-d204-395351ea8be8,,2003-10-02T01:39:56Z,2004-09-30T01:39:56Z,e03e23c9-4df1-3eb6-a62d-f70f02301496,,,
c4c22358-ecbd-8eab-d204-395351ea8be8,,2004-09-30T01:39:56Z,2005-09-29T01:39:56Z,e03e23c9-4df1-3eb6-a62d-f70f02301496,,,
c4c22358-ecbd-8eab-d204-395351ea8be8,c4c22358-ecbd-8eab-8aac-e82f95015a45,2005-09-29T01:39:56Z,2006-09-28T01:39:56Z,df166300-5a78-3502-a46a-832842197811,,Self,Keturah238 Schamberger479
c4c22358-ecbd-8eab-d204-395351ea8be8,c4c22358-ecbd-8eab-501a-81787b9b2d2e,2006-09-28T01:39:56Z,2007-09-27T01:39:56Z,8fa6c185-e44e-3e34-8bd8-39be8694f4ce,,Self,Keturah238 Schamberger479
c4c22358-ecbd-8eab-d204-395351ea8be8,c4c22358-ecbd-8eab-c0bd-fe5ae70d9bb6,2007-09-27T01:39:56Z,2008-10-02T01:39:56Z,0133f751-9229-3cfd-815f-b6d4979bdd6a,,Self,Keturah238 Schamberger479
c4c22358-ecbd-8eab-d204-395351ea8be8,c4c22358-ecbd-8eab-541e-bb8ae3492a1f,2008-10-02T01:39:56Z,2009-10-01T01:39:56Z,0133f751-9229-3cfd-815f-b6d4979bdd6a,,Self,Keturah238 Schamberger479
c4c22358-ecbd-8eab-d204-395351ea8be8,c4c22358-ecbd-8eab-c7c2-b43f5a6a0838,2009-10-01T01:39:56Z,2010-09-30T01:39:56Z,0133f751-9229-3cfd-815f-b6d4979bdd6a,,Self,Keturah238 Schamberger479
c4c22358-ecbd-8eab-d204-395351ea8be8,c4c22358-ecbd-8eab-16dc-b7c14e3d02f5,2010-09-30T01:39:56Z,2011-09-29T01:39:56Z,0133f751-9229-3cfd-815f-b6d4979bdd6a,,Self,Keturah238 Schamberger479
c4c22358-ecbd-8eab-d204-395351ea8be8,c4c22358-ecbd-8eab-e2ed-c8acc7ecf3b3,2011-09-29T01:39:56Z,2012-09-27T01:39:56Z,0133f751-9229-3cfd-815f-b6d4979bdd6a,,Self,Keturah238 Schamberger479
c4c22358-ecbd-8eab-d204-395351ea8be8,c4c22358-ecbd-8eab-62dc-1aef914f5d7a,2012-09-27T01:39:56Z,2013-10-03T01:39:56Z,0133f751-9229-3cfd-815f-b6d4979bdd6a,,Self,Keturah238 Schamberger479
c4c22358-ecbd-8eab-d204-395351ea8be8,c4c22358-ecbd-8eab-4810-9e33268d473d,2013-10-03T01:39:56Z,2014-10-02T01:39:56Z,8fa6c185-e44e-3e34-8bd8-39be8694f4ce,,Spouse,Mr. Yost751
c4c22358-ecbd-8eab-d204-395351ea8be8,c4c22358-ecbd-8eab-4e80-4eb42d43fd83,2014-10-02T01:39:56Z,2015-10-01T01:39:56Z,8fa6c185-e44e-3e34-8bd8-39be8694f4ce,,Spouse,Mr. Yost751
c4c22358-ecbd-8eab-d204-395351ea8be8,c4c22358-ecbd-8eab-5d9c-999c20eef6cd,2015-10-01T01:39:56Z,2016-09-29T01:39:56Z,8fa6c185-e44e-3e34-8bd8-39be8694f4ce,,Spouse,Mr. Yost751
c4c22358-ecbd-8eab-d204-395351ea8be8,c4c22358-ecbd-8eab-1149-7a6e7c4d6125,2016-09-29T01:39:56Z,2017-09-28T01:39:56Z,8fa6c185-e44e-3e34-8bd8-39be8694f4ce,,Spouse,Mr. Yost751
c4c22358-ecbd-8eab-d204-395351ea8be8,c4c22358-ecbd-8eab-eaaf-c211bfd08902,2017-09-28T01:39:56Z,2018-09-27T01:39:56Z,8fa6c185-e44e-3e34-8bd8-39be8694f4ce,,Self,Keturah238 Yost751
c4c22358-ecbd-8eab-d204-395351ea8be8,c4c22358-ecbd-8eab-5919-c3340d4852e6,2018-09-27T01:39:56Z,2019-10-03T01:39:56Z,8fa6c185-e44e-3e34-8bd8-39be8694f4ce,,Spouse,Mr. Yost751
c4c22358-ecbd-8eab-d204-395351ea8be8,c4c22358-ecbd-8eab-e2d9-5aef4136aa6b,2019-10-03T01:39:56Z,2020-10-01T01:39:56Z,8fa6c185-e44e-3e34-8bd8-39be8694f4ce,,Spouse,Mr. Yost751
c4c22358-ecbd-8eab-d204-395351ea8be8,c4c22358-ecbd-8eab-b371-defae52ebd2c,2020-10-01T01:39:56Z,2021-09-30T01:39:56Z,8fa6c185-e44e-3e34-8bd8-39be8694f4ce,,Spouse,Mr. Yost751
c4c22358-ecbd-8eab-d204-395351ea8be8,c4c22358-ecbd-8eab-ea8a-58956f9dcb89,2021-09-30T01:39:56Z,2022-09-29T01:39:56Z,8fa6c185-e44e-3e34-8bd8-39be8694f4ce,,Self,Keturah238 Yost751
c4c22358-ecbd-8eab-d204-395351ea8be8,c4c22358-ecbd-8eab-ac6d-043d86cded5c,2022-09-29T01:39:56Z,2023-09-28T01:39:56Z,8fa6c185-e44e-3e34-8bd8-39be8694f4ce,,Spouse,Mr. Yost751
c4c22358-ecbd-8eab-d204-395351ea8be8,c4c22358-ecbd-8eab-5a3e-7f228d39f166,2023-09-28T01:39:56Z,2024-10-03T01:39:56Z,8fa6c185-e44e-3e34-8bd8-39be8694f4ce,,Spouse,Mr. Yost751
c4c22358-ecbd-8eab-d204-395351ea8be8,c4c22358-ecbd-8eab-5d9c-f26797dab1cc,2024-10-03T01:39:56Z,2025-10-02T01:39:56Z,8fa6c185-e44e-3e34-8bd8-39be8694f4ce,,Spouse,Mr. Yost751
c4c22358-ecbd-8eab-d204-395351ea8be8,c4c22358-ecbd-8eab-1549-6b54cef93955,2025-10-02T01:39:56Z,2026-09-27T01:39:56Z,8fa6c185-e44e-3e34-8bd8-39be8694f4ce,,Self,Keturah238 Yost751
019d8ca9-c255-f1a9-b879-37a7fe377f7f,019d8ca9-c255-f1a9-b2e9-a9cfc568cd65,1982-02-13T02:25:42Z,1983-02-19T02:25:42Z,df166300-5a78-3502-a46a-832842197811,,Self,Miguelina323 Grady603
019d8ca9-c255-f1a9-b879-37a7fe377f7f,019d8ca9-c255-f1a9-87db-201f8c0ba7e9,1983-02-19T02:25:42Z,1984-02-18T02:25:42Z,df166300-5a78-3502-a46a-832842197811,,Self,Miguelina323 Grady603
019d8ca9-c255-f1a9-b879-37a7fe377f7f,019d8ca9-c255-f1a9-1d75-9c36c9146659,1984-02-18T02:25:42Z,1985-02-16T02:25:42Z,df166300-5a78-3502-a46a-832842197811,,Self,Miguelina323 Grady603
019d8ca9-c255-f1a9-b879-37a7fe377f7f,019d8ca9-c255-f1a9-e803-95c45460f7a8,1985-02-16T02:25:42Z,1986-02-15T02:25:42Z,df166300-5a78-3502-a46a-832842197811,,Self,Miguelina323 Grady603
019d8ca9-c255-f1a9-b879-37a7fe377f7f,019d8ca9-c255-f1a9-6d44-dd598bfdf91a,1986-02-15T02:25:42Z,1987-02-14T02:25:42Z,df166300-5a78-3502-a46a-832842197811,,Self,Miguelina323 Grady603
019d8ca9-c255-f1a9-b879-37a7fe377f7f,019d8ca9-c255-f1a9-221d-9a928c125657,1987-02-14T02:25:42Z,1988-02-13T02:25:42Z,df166300-5a78-3502-a46a-832842197811,,Self,Miguelina323 Grady603
019d8ca9-c255-f1a9-b879-37a7fe377f7f,019d8ca9-c255-f1a9-32e7-04bd8cdb4f6d,1988-02-13T02:25:42Z,1989-02-18T02:25:42Z,df166300-5a78-3502-a46a-832842197811,,Self,Miguelina323 Grady603
019d8ca9-c255-f1a9-b879-37a7fe377f7f,019d8ca9-c255-f1a9-c0f6-a63f4dc06bd4,1989-02-18T02:25:42Z,1990-02-17T02:25:42Z,df166300-5a78-3502-a46a-832842197811,,Self,Miguelina323 Grady603
019d8ca9-c255-f1a9-b879-37a7fe377f7f,019d8ca9-c255-f1a9-56fa-b49cb71999c7,1990-02-17T02:25:42Z,1991-02-16T02:25:42Z,df166300-5a78-3502-a46a-832842197811,,Self,Miguelina323 Grady603
019d8ca9-c255-f1a9-b879-37a7fe377f7f,019d8ca9-c255-f1a9-00b7-ba54ab370a2a,1991-02-16T02:25:42Z,1992-02-15T02:25:42Z,df166300-5a78-3502-a46a-832842197811,,Self,Miguelina323 Grady603
019d8ca9-c255-f1a9-b879-37a7fe377f7f,019d8ca9-c255-f1a9-765b-c00b4dfd45bf,1992-02-15T02:25:42Z,1993-02-13T02:25:42Z,df166300-5a78-3502-a46a-832842197811,,Self,Miguelina323 Grady603
019d8ca9-c255-f1a9-b879-37a7fe377f7f,019d8ca9-c255-f1a9-2520-b5f9d9a1fc5c,1993-02-13T02:25:42Z,1994-02-19T02:25:42Z,df166300-5a78-3502-a46a-832842197811,,Self,Miguelina323 Grady603
019d8ca9-c255-f1a9-b879-37a7fe377f7f,019d8ca9-c255-f1a9-2416-413eb14731e5,1994-02-19T02:25:42Z,1995-02-18T02:25:42Z,df166300-5a78-3502-a46a-832842197811,,Self,Miguelina323 Grady603
019d8ca9-c255-f1a9-b879-37a7fe377f7f,019d8ca9-c255-f1a9-c6c8-c99b54753fcf,1995-02-18T02:25:42Z,1996-02-17T02:25:42Z,df166300-5a78-3502-a46a-832842197811,,Self,Miguelina323 Grady603
019d8ca9-c255-f1a9-b879-37a7fe377f7f,019d8ca9-c255-f1a9-abfe-da2c37f391d1,1996-02-17T02:25:42Z,1997-02-15T02:25:42Z,df166300-5a78-3502-a46a-832842197811,,Self,Miguelina323 Grady603
019d8ca9-c255-f1a9-b879-37a7fe377f7f,019d8ca9-c255-f1a9-f251-c5216ed89016,1997-02-15T02:25:42Z,1998-02-14T02:25:42Z,df166300-5a78-3502-a46a-832842197811,,Self,Miguelina323 Grady603
019d8ca9-c255-f1a9-b879-37a7fe377f7f,019d8ca9-c255-f1a9-c31e-f1e76e6f3929,1998-02-14T02:25:42Z,1999-02-13T02:25:42Z,df166300-5a78-3502-a46a-832842197811,,Self,Miguelina323 Grady603
019d8ca9-c255-f1a9-b879-37a7fe377f7f,019d8ca9-c255-f1a9-eedf-da1bb9332857,1999-02-13T02:25:42Z,2000-02-19T02:25:42Z,df166300-5a78-3502-a46a-832842197811,,Self,Miguelina323 Grady603
019d8ca9-c255-f1a9-b879-37a7fe377f7f,019d8ca9-c255-f1a9-084c-21b991bb7674,2000-02-19T02:25:42Z,2001-02-17T02:25:42Z,df166300-5a78-3502-a46a-832842197811,,Self,Miguelina323 Grady603
019d8ca9-c255-f1a9-b879-37a7fe377f7f,019d8ca9-c255-f1a9-8a7e-a12fb033d107,2001-02-17T02:25:42Z,2002-02-16T02:25:42Z,df166300-5a78-3502-a46a-832842197811,,Self,Miguelina323 Grady603
019d8ca9-c255-f1a9-b879-37a7fe377f7f,019d8ca9-c255-f1a9-4331-1d45cbd76719,2002-02-16T02:25:42Z,2003-02-15T02:25:42Z,df166300-5a78-3502-a46a-832842197811,,Self,Miguelina323 Grady603
019d8ca9-c255-f1a9-b879-37a7fe377f7f,019d8ca9-c255-f1a9-189e-a59364b0e496,2003-02-15T02:25:42Z,2004-02-14T02:25:42Z,df166300-5a78-3502-a46a-832842197811,,Self,Miguelina323 Grady603
019d8ca9-c255-f1a9-b879-37a7fe377f7f,019d8ca9-c255-f1a9-5566-9b84fe7211a3,2004-02-14T02:25:42Z,2005-02-19T02:25:42Z,df166300-5a78-3502-a46a-832842197811,,Self,Miguelina323 Grady603
019d8ca9-c255-f1a9-b879-37a7fe377f7f,019d8ca9-c255-f1a9-e15b-13d980cebb0a,2005-02-19T02:25:42Z,2006-02-18T02:25:42Z,df166300-5a78-3502-a46a-832842197811,,Self,Miguelina323 Grady603
019d8ca9-c255-f1a9-b879-37a7fe377f7f,019d8ca9-c255-f1a9-9327-1fa9441e789f,2006-02-18T02:25:42Z,2007-02-17T02:25:42Z,df166300-5a78-3502-a46a-832842197811,,Self,Miguelina323 Grady603
019d8ca9-c255-f1a9-b879-37a7fe377f7f,019d8ca9-c255-f1a9-3afb-11387ad2f33f,2007-02-17T02:25:42Z,2008-02-16T02:25:42Z,df166300-5a78-3502-a46a-832842197811,,Self,Miguelina323 Grady603
019d8ca9-c255-f1a9-b879-37a7fe377f7f,019d8ca9-c255-f1a9-2e5a-ef5b844004f7,2008-02-16T02:25:42Z,2009-02-14T02:25:42Z,df166300-5a78-3502-a46a-832842197811,,Self,Miguelina323 Grady603
019d8ca9-c255-f1a9-b879-37a7fe377f7f,019d8ca9-c255-f1a9-f6b4-0f5492f18d92,2009-02-14T02:25:42Z,2010-02-13T02:25:42Z,df166300-5a78-3502-a46a-832842197811,,Self,Miguelina323 Grady603
019d8ca9-c255-f1a9-b879-37a7fe377f7f,019d8ca9-c255-f1a9-7917-ffa82f3cd358,2010-02-13T02:25:42Z,2011-02-19T02:25:42Z,df166300-5a78-3502-a46a-832842197811,,Self,Miguelina323 Grady603
019d8ca9-c255-f1a9-b879-37a7fe377f7f,019d8ca9-c255-f1a9-b0cb-8524737b9ed9,2011-02-19T02:25:42Z,2012-02-18T02:25:42Z,df166300-5a78-3502-a46a-832842197811,,Self,Miguelina323 Fernanda589 Bernhard322
019d8ca9-c255-f1a9-b879-37a7fe377f7f,019d8ca9-c255-f1a9-04e4-e15e03376083,2012-02-18T02:25:42Z,2013-02-16T02:25:42Z,df166300-5a78-3502-a46a-832842197811,,Self,Miguelina323 Fernanda589 Bernhard322
019d8ca9-c255-f1a9-b879-37a7fe377f7f,019d8ca9-c255-f1a9-73e2-a077a190addb,2013-02-16T02:25:42Z,2014-02-15T02:25:42Z,df166300-5a78-3502-a46a-832842197811,,Spouse,Mr. Bernhard322
019d8ca9-c255-f1a9-b879-37a7fe377f7f,019d8ca9-c255-f1a9-1bec-3cf844f31927,2014-02-15T02:25:42Z,2015-02-14T02:25:42Z,df166300-5a78-3502-a46a-832842197811,,Spouse,Mr. Bernhard322
019d8ca9-c255-f1a9-b879-37a7fe377f7f,019d8ca9-c255-f1a9-1a4d-01e003abad2e,2015-02-14T02:25:42Z,2016-02-13T02:25:42Z,df166300-5a78-3502-a46a-832842197811,,Self,Miguelina323 Fernanda589 Bernhard322
019d8ca9-c255-f1a9-b879-37a7fe377f7f,019d8ca9-c255-f1a9-c10f-f40c61fc7251,2016-02-13T02:25:42Z,2017-02-18T02:25:42Z,df166300-5a78-3502-a46a-832842197811,,Spouse,Mr. Bernhard322
019d8ca9-c255-f1a9-b879-37a7fe377f7f,019d8ca9-c255-f1a9-912d-54da7ae6e579,2017-02-18T02:25:42Z,2018-02-17T02:25:42Z,df166300-5a78-3502-a46a-832842197811,,Self,Miguelina323 Fernanda589 Bernhard322
019d8ca9-c255-f1a9-b879-37a7fe377f7f,019d8ca9-c255-f1a9-d4ea-d173210d1010,2018-02-17T02:25:42Z,2019-02-16T02:25:42Z,df166300-5a78-3502-a46a-832842197811,,Self,Miguelina323 Fernanda589 Bernhard322
019d8ca9-c255-f1a9-b879-37a7fe377f7f,019d8ca9-c255-f1a9-e4ca-24f6da2d3f5c,2019-02-16T02:25:42Z,2020-02-15T02:25:42Z,df166300-5a78-3502-a46a-832842197811,,Self,Miguelina323 Fernanda589 Bernhard322
019d8ca9-c255-f1a9-b879-37a7fe377f7f,019d8ca9-c255-f1a9-0f5a-61b619403d96,2020-02-15T02:25:42Z,2021-02-13T02:25:42Z,df166300-5a78-3502-a46a-832842197811,,Self,Miguelina323 Fernanda589 Bernhard322
019d8ca9-c255-f1a9-b879-37a7fe377f7f,019d8ca9-c255-f1a9-4fa5-75c26c2f91ec,2021-02-13T02:25:42Z,2022-02-19T02:25:42Z,df166300-5a78-3502-a46a-832842197811,,Spouse,Mr. Bernhard322
019d8ca9-c255-f1a9-b879-37a7fe377f7f,019d8ca9-c255-f1a9-e7fa-a55b098fba9b,2022-02-19T02:25:42Z,2023-02-18T02:25:42Z,df166300-5a78-3502-a46a-832842197811,,Self,Miguelina323 Fernanda589 Bernhard322
019d8ca9-c255-f1a9-b879-37a7fe377f7f,019d8ca9-c255-f1a9-91cd-fd1b09281c89,2023-02-18T02:25:42Z,2024-02-17T02:25:42Z,df166300-5a78-3502-a46a-832842197811,,Self,Miguelina323 Fernanda589 Bernhard322
019d8ca9-c255-f1a9-b879-37a7fe377f7f,019d8ca9-c255-f1a9-1ef4-1bc1ba337dae,2024-02-17T02:25:42Z,2025-02-15T02:25:42Z,df166300-5a78-3502-a46a-832842197811,,Self,Miguelina323 Fernanda589 Bernhard322
019d8ca9-c255-f1a9-b879-37a7fe377f7f,019d8ca9-c255-f1a9-23f9-0dda7bfec8f1,2025-02-15T02:25:42Z,2026-02-14T02:25:42Z,df166300-5a78-3502-a46a-832842197811,,Spouse,Mr. Bernhard322
019d8ca9-c255-f1a9-b879-37a7fe377f7f,019d8ca9-c255-f1a9-d76f-0a7e76817ecc,2026-02-14T02:25:42Z,2027-02-13T02:25:42Z,df166300-5a78-3502-a46a-832842197811,,Self,Miguelina323 Fernanda589 Bernhard322
587d7c58-85d1-4341-7feb-f9c9e13dd883,,1969-07-14T01:39:27Z,1970-07-20T01:39:27Z,e03e23c9-4df1-3eb6-a62d-f70f02301496,,,
587d7c58-85d1-4341-7feb-f9c9e13dd883,,1970-07-20T01:39:27Z,1971-07-19T01:39:27Z,e03e23c9-4df1-3eb6-a62d-f70f02301496,,,
587d7c58-85d1-4341-7feb-f9c9e13dd883,,1971-07-19T01:39:27Z,1972-07-17T01:39:27Z,e03e23c9-4df1-3eb6-a62d-f70f02301496,,,
587d7c58-85d1-4341-7feb-f9c9e13dd883,,1972-07-17T01:39:27Z,1973-07-16T01:39:27Z,e03e23c9-4df1-3eb6-a62d-f70f02301496,,,
587d7c58-85d1-4341-7feb-f9c9e13dd883,,1973-07-16T01:39:27Z,1974-07-15T01:39:27Z,e03e23c9-4df1-3eb6-a62d-f70f02301496,,,
587d7c58-85d1-4341-7feb-f9c9e13dd883,,1974-07-15T01:39:27Z,1975-07-14T01:39:27Z,e03e23c9-4df1-3eb6-a62d-f70f02301496,,,
587d7c58-85d1-4341-7feb-f9c9e13dd883,,1975-07-14T01:39:27Z,1976-07-19T01:39:27Z,e03e23c9-4df1-3eb6-a62d-f70f02301496,,,
587d7c58-85d1-4341-7feb-f9c9e13dd883,,1976-07-19T01:39:27Z,1977-07-18T01:39:27Z,e03e23c9-4df1-3eb6-a62d-f70f02301496,,,
587d7c58-85d1-4341-7feb-f9c9e13dd883,,1977-07-18T01:39:27Z,1978-07-17T01:39:27Z,e03e23c9-4df1-3eb6-a62d-f70f02301496,,,
587d7c58-85d1-4341-7feb-f9c9e13dd883,,1978-07-17T01:39:27Z,1979-07-16T01:39:27Z,e03e23c9-4df1-3eb6-a62d-f70f02301496,,,
587d7c58-85d1-4341-7feb-f9c9e13dd883,,1979-07-16T01:39:27Z,1980-07-14T01:39:27Z,e03e23c9-4df1-3eb6-a62d-f70f02301496,,,
587d7c58-85d1-4341-7feb-f9c9e13dd883,,1980-07-14T01:39:27Z,1981-07-20T01:39:27Z,e03e23c9-4df1-3eb6-a62d-f70f02301496,,,
587d7c58-85d1-4341-7feb-f9c9e13dd883,,1981-07-20T01:39:27Z,1982-07-19T01:39:27Z,e03e23c9-4df1-3eb6-a62d-f70f02301496,,,
587d7c58-85d1-4341-7feb-f9c9e13dd883,,1982-07-19T01:39:27Z,1983-07-18T01:39:27Z,e03e23c9-4df1-3eb6-a62d-f70f02301496,,,
587d7c58-85d1-4341-7feb-f9c9e13dd883,,1983-07-18T01:39:27Z,1984-07-16T01:39:27Z,e03e23c9-4df1-3eb6-a62d-f70f02301496,,,
587d7c58-85d1-4341-7feb-f9c9e13dd883,,1984-07-16T01:39:27Z,1985-07-15T01:39:27Z,e03e23c9-4df1-3eb6-a62d-f70f02301496,,,
587d7c58-85d1-4341-7feb-f9c9e13dd883,,1985-07-15T01:39:27Z,1986-07-14T01:39:27Z,e03e23c9-4df1-3eb6-a62d-f70f02301496,,,
587d7c58-85d1-4341-7feb-f9c9e13dd883,,1986-07-14T01:39:27Z,1987-07-20T01:39:27Z,e03e23c9-4df1-3eb6-a62d-f70f02301496,,,
587d7c58-85d1-4341-7feb-f9c9e13dd883,,1987-07-20T01:39:27Z,1988-07-18T01:39:27Z,e03e23c9-4df1-3eb6-a62d-f70f02301496,,,
587d7c58-85d1-4341-7feb-f9c9e13dd883,,1988-07-18T01:39:27Z,1989-07-17T01:39:27Z,e03e23c9-4df1-3eb6-a62d-f70f02301496,,,
587d7c58-85d1-4341-7feb-f9c9e13dd883,,1989-07-17T01:39:27Z,1990-07-16T01:39:27Z,e03e23c9-4df1-3eb6-a62d-f70f02301496,,,
587d7c58-85d1-4341-7feb-f9c9e13dd883,,1990-07-16T01:39:27Z,1991-07-15T01:39:27Z,e03e23c9-4df1-3eb6-a62d-f70f02301496,,,
587d7c58-85d1-4341-7feb-f9c9e13dd883,,1991-07-15T01:39:27Z,1992-07-20T01:39:27Z,e03e23c9-4df1-3eb6-a62d-f70f02301496,,,
587d7c58-85d1-4341-7feb-f9c9e13dd883,,1992-07-20T01:39:27Z,1993-07-19T01:39:27Z,e03e23c9-4df1-3eb6-a62d-f70f02301496,,,
587d7c58-85d1-4341-7feb-f9c9e13dd883,,1993-07-19T01:39:27Z,1994-07-18T01:39:27Z,e03e23c9-4df1-3eb6-a62d-f70f02301496,,,
587d7c58-85d1-4341-7feb-f9c9e13dd883,,1994-07-18T01:39:27Z,1995-07-17T01:39:27Z,e03e23c9-4df1-3eb6-a62d-f70f02301496,,,
587d7c58-85d1-4341-7feb-f9c9e13dd883,,1995-07-17T01:39:27Z,1996-07-15T01:39:27Z,e03e23c9-4df1-3eb6-a62d-f70f02301496,,,
587d7c58-85d1-4341-7feb-f9c9e13dd883,,1996-07-15T01:39:27Z,1997-07-14T01:39:27Z,e03e23c9-4df1-3eb6-a62d-f70f02301496,,,
587d7c58-85d1-4341-7feb-f9c9e13dd883,,1997-07-14T01:39:27Z,1998-07-20T01:39:27Z,e03e23c9-4df1-3eb6-a62d-f70f02301496,,,
587d7c58-85d1-4341-7feb-f9c9e13dd883,,1998-07-20T01:39:27Z,1999-07-19T01:39:27Z,e03e23c9-4df1-3eb6-a62d-f70f02301496,,,
587d7c58-85d1-4341-7feb-f9c9e13dd883,,1999-07-19T01:39:27Z,2000-07-17T01:39:27Z,e03e23c9-4df1-3eb6-a62d-f70f02301496,,,
587d7c58-85d1-4341-7feb-f9c9e13dd883,,2000-07-17T01:39:27Z,2001-07-16T01:39:27Z,e03e23c9-4df1-3eb6-a62d-f70f02301496,,,
587d7c58-85d1-4341-7feb-f9c9e13dd883,,2001-07-16T01:39:27Z,2002-07-15T01:39:27Z,e03e23c9-4df1-3eb6-a62d-f70f02301496,,,
587d7c58-85d1-4341-7feb-f9c9e13dd883,,2002-07-15T01:39:27Z,2003-07-14T01:39:27Z,e03e23c9-4df1-3eb6-a62d-f70f02301496,,,
587d7c58-85d1-4341-7feb-f9c9e13dd883,,2003-07-14T01:39:27Z,2004-07-19T01:39:27Z,e03e23c9-4df1-3eb6-a62d-f70f02301496,,,
587d7c58-85d1-4341-7feb-f9c9e13dd883,,2004-07-19T01:39:27Z,2005-07-18T01:39:27Z,e03e23c9-4df1-3eb6-a62d-f70f02301496,,,
587d7c58-85d1-4341-7feb-f9c9e13dd883,,2005-07-18T01:39:27Z,2006-07-17T01:39:27Z,e03e23c9-4df1-3eb6-a62d-f70f02301496,,,
587d7c58-85d1-4341-7feb-f9c9e13dd883,587d7c58-85d1-4341-48c5-f945dd9c7c70,2006-07-17T01:39:27Z,2007-07-16T01:39:27Z,26aab0cd-6aba-3e1b-ac5b-05c8867e762c,,Self,Erik495 Kub800
587d7c58-85d1-4341-7feb-f9c9e13dd883,587d7c58-85d1-4341-cfff-a31dd6615606,2007-07-16T01:39:27Z,2008-07-14T01:39:27Z,26aab0cd-6aba-3e1b-ac5b-05c8867e762c,,Self,Erik495 Kub800
587d7c58-85d1-4341-7feb-f9c9e13dd883,587d7c58-85d1-4341-7534-65321b42e997,2008-07-14T01:39:27Z,2009-07-20T01:39:27Z,26aab0cd-6aba-3e1b-ac5b-05c8867e762c,,Self,Erik495 Kub800
587d7c58-85d1-4341-7feb-f9c9e13dd883,587d7c58-85d1-4341-7170-25d2069fa25a,2009-07-20T01:39:27Z,2010-07-19T01:39:27Z,26aab0cd-6aba-3e1b-ac5b-05c8867e762c,,Self,Erik495 Kub800
587d7c58-85d1-4341-7feb-f9c9e13dd883,587d7c58-85d1-4341-1444-153e3b4fdcd4,2010-07-19T01:39:27Z,2011-07-18T01:39:27Z,26aab0cd-6aba-3e1b-ac5b-05c8867e762c,,Self,Erik495 Kub800
587d7c58-85d1-4341-7feb-f9c9e13dd883,587d7c58-85d1-4341-fe5a-9f0192f2fd88,2011-07-18T01:39:27Z,2012-07-16T01:39:27Z,26aab0cd-6aba-3e1b-ac5b-05c8867e762c,,Self,Erik495 Kub800
587d7c58-85d1-4341-7feb-f9c9e13dd883,587d7c58-85d1-4341-f573-5f8762ce80ba,2012-07-16T01:39:27Z,2013-07-15T01:39:27Z,26aab0cd-6aba-3e1b-ac5b-05c8867e762c,,Self,Erik495 Kub800
587d7c58-85d1-4341-7feb-f9c9e13dd883,587d7c58-85d1-4341-7581-91c84b801a3e,2013-07-15T01:39:27Z,2014-07-14T01:39:27Z,a735bf55-83e9-331a-899d-a82a60b9f60c,b046940f-1664-3047-bca7-dfa76be352a4,Self,Erik495 Kub800
587d7c58-85d1-4341-7feb-f9c9e13dd883,587d7c58-85d1-4341-d145-49664741bf61,2014-07-14T01:39:27Z,2015-07-20T01:39:27Z,a735bf55-83e9-331a-899d-a82a60b9f60c,b046940f-1664-3047-bca7-dfa76be352a4,Self,Erik495 Kub800
587d7c58-85d1-4341-7feb-f9c9e13dd883,587d7c58-85d1-4341-8fef-1dc2edac0568,2015-07-20T01:39:27Z,2016-07-18T01:39:27Z,a735bf55-83e9-331a-899d-a82a60b9f60c,b046940f-1664-3047-bca7-dfa76be352a4,Self,Erik495 Kub800
587d7c58-85d1-4341-7feb-f9c9e13dd883,587d7c58-85d1-4341-333d-d73f9c5b6f77,2016-07-18T01:39:27Z,2017-07-17T01:39:27Z,a735bf55-83e9-331a-899d-a82a60b9f60c,b046940f-1664-3047-bca7-dfa76be352a4,Self,Erik495 Kub800
587d7c58-85d1-4341-7feb-f9c9e13dd883,587d7c58-85d1-4341-0bfc-ffc6bfdee446,2017-07-17T01:39:27Z,2018-07-16T01:39:27Z,a735bf55-83e9-331a-899d-a82a60b9f60c,,Self,Erik495 Kub800
587d7c58-85d1-4341-7feb-f9c9e13dd883,587d7c58-85d1-4341-6611-be82dec16d1f,2018-07-16T01:39:27Z,2019-07-15T01:39:27Z,a735bf55-83e9-331a-899d-a82a60b9f60c,b046940f-1664-3047-bca7-dfa76be352a4,Self,Erik495 Kub800
587d7c58-85d1-4341-7feb-f9c9e13dd883,587d7c58-85d1-4341-68d2-a8ca48c956a0,2019-07-15T01:39:27Z,2020-07-20T01:39:27Z,a735bf55-83e9-331a-899d-a82a60b9f60c,b046940f-1664-3047-bca7-dfa76be352a4,Self,Erik495 Kub800
587d7c58-85d1-4341-7feb-f9c9e13dd883,587d7c58-85d1-4341-69f4-5261f4e0e2b7,2020-07-20T01:39:27Z,2021-07-19T01:39:27Z,a735bf55-83e9-331a-899d-a82a60b9f60c,b046940f-1664-3047-bca7-dfa76be352a4,Self,Erik495 Kub800
587d7c58-85d1-4341-7feb-f9c9e13dd883,587d7c58-85d1-4341-4625-d6bf2c0fbb38,2021-07-19T01:39:27Z,2022-07-18T01:39:27Z,a735bf55-83e9-331a-899d-a82a60b9f60c,b046940f-1664-3047-bca7-dfa76be352a4,Self,Erik495 Kub800
587d7c58-85d1-4341-7feb-f9c9e13dd883,587d7c58-85d1-4341-7875-258688e51120,2022-07-18T01:39:27Z,2023-07-17T01:39:27Z,a735bf55-83e9-331a-899d-a82a60b9f60c,b046940f-1664-3047-bca7-dfa76be352a4,Self,Erik495 Kub800
587d7c58-85d1-4341-7feb-f9c9e13dd883,587d7c58-85d1-4341-b259-53db6f801617,2023-07-17T01:39:27Z,2024-07-15T01:39:27Z,a735bf55-83e9-331a-899d-a82a60b9f60c,b046940f-1664-3047-bca7-dfa76be352a4,Self,Erik495 Kub800
587d7c58-85d1-4341-7feb-f9c9e13dd883,587d7c58-85d1-4341-c05a-060afdcf4b13,2024-07-15T01:39:27Z,2025-07-14T01:39:27Z,a735bf55-83e9-331a-899d-a82a60b9f60c,b046940f-1664-3047-bca7-dfa76be352a4,Self,Erik495 Kub800
587d7c58-85d1-4341-7feb-f9c9e13dd883,587d7c58-85d1-4341-f484-61a7e33ebc8e,2025-07-14T01:39:27Z,2026-07-14T01:39:27Z,a735bf55-83e9-331a-899d-a82a60b9f60c,b046940f-1664-3047-bca7-dfa76be352a4,Self,Erik495 Kub800
3bdd2014-13c7-b4bd-75e7-6be091429ff6,3bdd2014-13c7-b4bd-c550-2279ccfbb3e5,1994-12-24T19:51:27Z,1995-12-30T19:51:27Z,26aab0cd-6aba-3e1b-ac5b-05c8867e762c,,Guardian,Monte325 Spencer878
3bdd2014-13c7-b4bd-75e7-6be091429ff6,3bdd2014-13c7-b4bd-c550-2279ccfbb3e5,1995-12-30T19:51:27Z,1996-12-28T19:51:27Z,26aab0cd-6aba-3e1b-ac5b-05c8867e762c,,Guardian,Monte325 Spencer878
3bdd2014-13c7-b4bd-75e7-6be091429ff6,3bdd2014-13c7-b4bd-c550-2279ccfbb3e5,1996-12-28T19:51:27Z,1997-12-27T19:51:27Z,26aab0cd-6aba-3e1b-ac5b-05c8867e762c,,Guardian,Monte325 Spencer878
3bdd2014-13c7-b4bd-75e7-6be091429ff6,3bdd2014-13c7-b4bd-c550-2279ccfbb3e5,1997-12-27T19:51:27Z,1998-12-26T19:51:27Z,26aab0cd-6aba-3e1b-ac5b-05c8867e762c,,Guardian,Monte325 Spencer878
3bdd2014-13c7-b4bd-75e7-6be091429ff6,3bdd2014-13c7-b4bd-c550-2279ccfbb3e5,1998-12-26T19:51:27Z,1999-12-25T19:51:27Z,26aab0cd-6aba-3e1b-ac5b-05c8867e762c,,Guardian,Monte325 Spencer878
3bdd2014-13c7-b4bd-75e7-6be091429ff6,3bdd2014-13c7-b4bd-c550-2279ccfbb3e5,1999-12-25T19:51:27Z,2000-12-30T19:51:27Z,26aab0cd-6aba-3e1b-ac5b-05c8867e762c,,Guardian,Monte325 Spencer878
3bdd2014-13c7-b4bd-75e7-6be091429ff6,3bdd2014-13c7-b4bd-c550-2279ccfbb3e5,2000-12-30T19:51:27Z,2001-12-29T19:51:27Z,26aab0cd-6aba-3e1b-ac5b-05c8867e762c,,Guardian,Monte325 Spencer878
3bdd2014-13c7-b4bd-75e7-6be091429ff6,3bdd2014-13c7-b4bd-c550-2279ccfbb3e5,2001-12-29T19:51:27Z,2002-12-28T19:51:27Z,26aab0cd-6aba-3e1b-ac5b-05c8867e762c,,Guardian,Monte325 Spencer878
3bdd2014-13c7-b4bd-75e7-6be091429ff6,3bdd2014-13c7-b4bd-c550-2279ccfbb3e5,2002-12-28T19:51:27Z,2003-12-27T19:51:27Z,26aab0cd-6aba-3e1b-ac5b-05c8867e762c,,Guardian,Monte325 Spencer878
3bdd2014-13c7-b4bd-75e7-6be091429ff6,3bdd2014-13c7-b4bd-c550-2279ccfbb3e5,2003-12-27T19:51:27Z,2004-12-25T19:51:27Z,26aab0cd-6aba-3e1b-ac5b-05c8867e762c,,Guardian,Monte325 Spencer878
3bdd2014-13c7-b4bd-75e7-6be091429ff6,3bdd2014-13c7-b4bd-c550-2279ccfbb3e5,2004-12-25T19:51:27Z,2005-12-24T19:51:27Z,26aab0cd-6aba-3e1b-ac5b-05c8867e762c,,Guardian,Monte325 Spencer878
3bdd2014-13c7-b4bd-75e7-6be091429ff6,3bdd2014-13c7-b4bd-c550-2279ccfbb3e5,2005-12-24T19:51:27Z,2006-12-30T19:51:27Z,26aab0cd-6aba-3e1b-ac5b-05c8867e762c,,Guardian,Monte325 Spencer878
3bdd2014-13c7-b4bd-75e7-6be091429ff6,3bdd2014-13c7-b4bd-c550-2279ccfbb3e5,2006-12-30T19:51:27Z,2007-12-29T19:51:27Z,26aab0cd-6aba-3e1b-ac5b-05c8867e762c,,Guardian,Monte325 Spencer878
3bdd2014-13c7-b4bd-75e7-6be091429ff6,3bdd2014-13c7-b4bd-c550-2279ccfbb3e5,2007-12-29T19:51:27Z,2008-12-27T19:51:27Z,26aab0cd-6aba-3e1b-ac5b-05c8867e762c,,Guardian,Monte325 Spencer878
3bdd2014-13c7-b4bd-75e7-6be091429ff6,3bdd2014-13c7-b4bd-c550-2279ccfbb3e5,2008-12-27T19:51:27Z,2009-12-26T19:51:27Z,26aab0cd-6aba-3e1b-ac5b-05c8867e762c,,Guardian,Monte325 Spencer878
3bdd2014-13c7-b4bd-75e7-6be091429ff6,3bdd2014-13c7-b4bd-c550-2279ccfbb3e5,2009-12-26T19:51:27Z,2010-12-25T19:51:27Z,26aab0cd-6aba-3e1b-ac5b-05c8867e762c,,Guardian,Monte325 Spencer878
3bdd2014-13c7-b4bd-75e7-6be091429ff6,3bdd2014-13c7-b4bd-c550-2279ccfbb3e5,2010-12-25T19:51:27Z,2011-12-24T19:51:27Z,26aab0cd-6aba-3e1b-ac5b-05c8867e762c,,Guardian,Monte325 Spencer878
3bdd2014-13c7-b4bd-75e7-6be091429ff6,3bdd2014-13c7-b4bd-c550-2279ccfbb3e5,2011-12-24T19:51:27Z,2012-12-29T19:51:27Z,26aab0cd-6aba-3e1b-ac5b-05c8867e762c,,Guardian,Monte325 Spencer878
3bdd2014-13c7-b4bd-75e7-6be091429ff6,3bdd2014-13c7-b4bd-c550-2279ccfbb3e5,2012-12-29T19:51:27Z,2013-12-28T19:51:27Z,26aab0cd-6aba-3e1b-ac5b-05c8867e762c,,Guardian,Monte325 Spencer878
3bdd2014-13c7-b4bd-75e7-6be091429ff6,3bdd2014-13c7-b4bd-7a8c-4784eb9b41f4,2013-12-28T19:51:27Z,2014-12-27T19:51:27Z,26aab0cd-6aba-3e1b-ac5b-05c8867e762c,,Self,Marlin805 Spencer878
3bdd2014-13c7-b4bd-75e7-6be091429ff6,3bdd2014-13c7-b4bd-e641-af3980c6e4a3,2014-12-27T19:51:27Z,2015-12-26T19:51:27Z,26aab0cd-6aba-3e1b-ac5b-05c8867e762c,,Self,Marlin805 Spencer878
3bdd2014-13c7-b4bd-75e7-6be091429ff6,3bdd2014-13c7-b4bd-0d0f-64a8fc58c6b4,2015-12-26T19:51:27Z,2016-12-24T19:51:27Z,26aab0cd-6aba-3e1b-ac5b-05c8867e762c,,Self,Marlin805 Spencer878
3bdd2014-13c7-b4bd-75e7-6be091429ff6,3bdd2014-13c7-b4bd-bcc6-f01e3bda9b08,2016-12-24T19:51:27Z,2017-12-30T19:51:27Z,26aab0cd-6aba-3e1b-ac5b-05c8867e762c,,Self,Marlin805 Spencer878
3bdd2014-13c7-b4bd-75e7-6be091429ff6,3bdd2014-13c7-b4bd-1a2e-14c50526285d,2017-12-30T19:51:27Z,2018-12-29T19:51:27Z,26aab0cd-6aba-3e1b-ac5b-05c8867e762c,,Self,Marlin805 Spencer878
3bdd2014-13c7-b4bd-75e7-6be091429ff6,3bdd2014-13c7-b4bd-a144-cee597579a3e,2018-12-29T19:51:27Z,2019-12-28T19:51:27Z,26aab0cd-6aba-3e1b-ac5b-05c8867e762c,,Self,Marlin805 Spencer878
3bdd2014-13c7-b4bd-75e7-6be091429ff6,3bdd2014-13c7-b4bd-856a-889a85e48044,2019-12-28T19:51:27Z,2020-12-26T19:51:27Z,26aab0cd-6aba-3e1b-ac5b-05c8867e762c,,Self,Marlin805 Spencer878
3bdd2014-13c7-b4bd-75e7-6be091429ff6,3bdd2014-13c7-b4bd-1bc4-546fb740b6be,2020-12-26T19:51:27Z,2021-12-25T19:51:27Z,26aab0cd-6aba-3e1b-ac5b-05c8867e762c,,Self,Marlin805 Spencer878
3bdd2014-13c7-b4bd-75e7-6be091429ff6,3bdd2014-13c7-b4bd-d9b2-bb5b13186c98,2021-12-25T19:51:27Z,2022-12-24T19:51:27Z,26aab0cd-6aba-3e1b-ac5b-05c8867e762c,,Self,Marlin805 Spencer878
3bdd2014-13c7-b4bd-75e7-6be091429ff6,3bdd2014-13c7-b4bd-f5c7-49d845927021,2022-12-24T19:51:27Z,2023-12-30T19:51:27Z,26aab0cd-6aba-3e1b-ac5b-05c8867e762c,,Self,Marlin805 Spencer878
3bdd2014-13c7-b4bd-75e7-6be091429ff6,3bdd2014-13c7-b4bd-04c7-1c4d92f1e95a,2023-12-30T19:51:27Z,2024-12-28T19:51:27Z,26aab0cd-6aba-3e1b-ac5b-05c8867e762c,,Self,Marlin805 Spencer878
3bdd2014-13c7-b4bd-75e7-6be091429ff6,3bdd2014-13c7-b4bd-1165-9adab3299cf9,2024-12-28T19:51:27Z,2025-12-27T19:51:27Z,26aab0cd-6aba-3e1b-ac5b-05c8867e762c,,Self,Marlin805 Spencer878
3bdd2014-13c7-b4bd-75e7-6be091429ff6,3bdd2014-13c7-b4bd-0a0b-e9561d86b7bc,2025-12-27T19:51:27Z,2026-12-24T19:51:27Z,26aab0cd-6aba-3e1b-ac5b-05c8867e762c,,Self,Marlin805 Spencer878
c2731530-d9d9-8ae0-1bc5-8bfc282bea27,c2731530-d9d9-8ae0-a77f-b534c2c47d58,2019-02-06T10:10:04Z,2020-02-12T10:10:04Z,d31fccc3-1767-390d-966a-22a5156f4219,,Guardian,Evelia928 Kirlin939
c2731530-d9d9-8ae0-1bc5-8bfc282bea27,c2731530-d9d9-8ae0-a77f-b534c2c47d58,2020-02-12T10:10:04Z,2021-02-10T10:10:04Z,d31fccc3-1767-390d-966a-22a5156f4219,,Guardian,Evelia928 Kirlin939
c2731530-d9d9-8ae0-1bc5-8bfc282bea27,c2731530-d9d9-8ae0-a77f-b534c2c47d58,2021-02-10T10:10:04Z,2022-02-09T10:10:04Z,d31fccc3-1767-390d-966a-22a5156f4219,,Guardian,Evelia928 Kirlin939
c2731530-d9d9-8ae0-1bc5-8bfc282bea27,c2731530-d9d9-8ae0-a77f-b534c2c47d58,2022-02-09T10:10:04Z,2023-02-08T10:10:04Z,d31fccc3-1767-390d-966a-22a5156f4219,,Guardian,Evelia928 Kirlin939
c2731530-d9d9-8ae0-1bc5-8bfc282bea27,c2731530-d9d9-8ae0-a77f-b534c2c47d58,2023-02-08T10:10:04Z,2024-02-07T10:10:04Z,d31fccc3-1767-390d-966a-22a5156f4219,,Guardian,Evelia928 Kirlin939
c2731530-d9d9-8ae0-1bc5-8bfc282bea27,c2731530-d9d9-8ae0-a77f-b534c2c47d58,2024-02-07T10:10:04Z,2025-02-12T10:10:04Z,d31fccc3-1767-390d-966a-22a5156f4219,,Guardian,Evelia928 Kirlin939
c2731530-d9d9-8ae0-1bc5-8bfc282bea27,c2731530-d9d9-8ae0-a77f-b534c2c47d58,2025-02-12T10:10:04Z,2026-02-11T10:10:04Z,d31fccc3-1767-390d-966a-22a5156f4219,,Guardian,Evelia928 Kirlin939
c2731530-d9d9-8ae0-1bc5-8bfc282bea27,c2731530-d9d9-8ae0-a77f-b534c2c47d58,2026-02-11T10:10:04Z,2027-02-06T10:10:04Z,d31fccc3-1767-390d-966a-22a5156f4219,,Guardian,Evelia928 Kirlin939
ac0ede70-2be2-b3a7-e473-f83eff7e0b85,ac0ede70-2be2-b3a7-cbd7-095cf93a53f9,2017-11-17T10:56:31Z,2018-11-23T10:56:31Z,b046940f-1664-3047-bca7-dfa76be352a4,,Guardian,Numbers230 Stroman228
ac0ede70-2be2-b3a7-e473-f83eff7e0b85,ac0ede70-2be2-b3a7-f407-7411b6fef1d6,2018-11-23T10:56:31Z,2019-11-22T10:56:31Z,a735bf55-83e9-331a-899d-a82a60b9f60c,b046940f-1664-3047-bca7-dfa76be352a4,Self,Keith571 Stroman228
ac0ede70-2be2-b3a7-e473-f83eff7e0b85,ac0ede70-2be2-b3a7-a289-5f1f3db1f724,2019-11-22T10:56:31Z,2020-11-20T10:56:31Z,a735bf55-83e9-331a-899d-a82a60b9f60c,b046940f-1664-3047-bca7-dfa76be352a4,Self,Keith571 Stroman228
ac0ede70-2be2-b3a7-e473-f83eff7e0b85,ac0ede70-2be2-b3a7-e2b5-cc2eeb031963,2020-11-20T10:56:31Z,2021-11-19T10:56:31Z,a735bf55-83e9-331a-899d-a82a60b9f60c,b046940f-1664-3047-bca7-dfa76be352a4,Self,Keith571 Stroman228
ac0ede70-2be2-b3a7-e473-f83eff7e0b85,ac0ede70-2be2-b3a7-dd21-db00ee31afe5,2021-11-19T10:56:31Z,2022-11-18T10:56:31Z,a735bf55-83e9-331a-899d-a82a60b9f60c,b046940f-1664-3047-bca7-dfa76be352a4,Self,Keith571 Stroman228
ac0ede70-2be2-b3a7-e473-f83eff7e0b85,ac0ede70-2be2-b3a7-f038-853fcd328977,2022-11-18T10:56:31Z,2023-11-17T10:56:31Z,a735bf55-83e9-331a-899d-a82a60b9f60c,b046940f-1664-3047-bca7-dfa76be352a4,Self,Keith571 Stroman228
ac0ede70-2be2-b3a7-e473-f83eff7e0b85,ac0ede70-2be2-b3a7-baf9-5edbc91feb92,2023-11-17T10:56:31Z,2024-11-22T10:56:31Z,a735bf55-83e9-331a-899d-a82a60b9f60c,b046940f-1664-3047-bca7-dfa76be352a4,Self,Keith571 Stroman228
ac0ede70-2be2-b3a7-e473-f83eff7e0b85,ac0ede70-2be2-b3a7-5f6b-6b7a585204dc,2024-11-22T10:56:31Z,2025-11-21T10:56:31Z,a735bf55-83e9-331a-899d-a82a60b9f60c,b046940f-1664-3047-bca7-dfa76be352a4,Self,Keith571 Stroman228
ac0ede70-2be2-b3a7-e473-f83eff7e0b85,ac0ede70-2be2-b3a7-6acc-1469024a21fe,2025-11-21T10:56:31Z,2026-11-17T10:56:31Z,a735bf55-83e9-331a-899d-a82a60b9f60c,b046940f-1664-3047-bca7-dfa76be352a4,Self,Keith571 Stroman228
77c67bcc-9aba-26d4-e97d-d2c77cbabb8c,77c67bcc-9aba-26d4-3fbb-4d25b0b6b283,1997-01-19T15:46:13Z,1998-01-25T15:46:13Z,df166300-5a78-3502-a46a-832842197811,,Self,Emilio417 Rubio813
77c67bcc-9aba-26d4-e97d-d2c77cbabb8c,77c67bcc-9aba-26d4-a6fa-b7ee42e69ced,1998-01-25T15:46:13Z,1999-01-24T15:46:13Z,df166300-5a78-3502-a46a-832842197811,,Self,Emilio417 Rubio813
77c67bcc-9aba-26d4-e97d-d2c77cbabb8c,77c67bcc-9aba-26d4-6607-fcfa8110aaa9,1999-01-24T15:46:13Z,2000-01-23T15:46:13Z,df166300-5a78-3502-a46a-832842197811,,Self,Emilio417 Rubio813
77c67bcc-9aba-26d4-e97d-d2c77cbabb8c,77c67bcc-9aba-26d4-6584-1c8593b4ea3e,2000-01-23T15:46:13Z,2001-01-21T15:46:13Z,df166300-5a78-3502-a46a-832842197811,,Self,Emilio417 Rubio813
77c67bcc-9aba-26d4-e97d-d2c77cbabb8c,77c67bcc-9aba-26d4-af99-80bc68cfd737,2001-01-21T15:46:13Z,2002-01-20T15:46:13Z,df166300-5a78-3502-a46a-832842197811,,Self,Emilio417 Rubio813
77c67bcc-9aba-26d4-e97d-d2c77cbabb8c,77c67bcc-9aba-26d4-8a59-9262823caa3c,2002-01-20T15:46:13Z,2003-01-19T15:46:13Z,df166300-5a78-3502-a46a-832842197811,,Self,Emilio417 Rubio813
77c67bcc-9aba-26d4-e97d-d2c77cbabb8c,77c67bcc-9aba-26d4-4ab2-1b27f06cb468,2003-01-19T15:46:13Z,2004-01-25T15:46:13Z,df166300-5a78-3502-a46a-832842197811,,Self,Emilio417 Rubio813
77c67bcc-9aba-26d4-e97d-d2c77cbabb8c,77c67bcc-9aba-26d4-6800-d158f11d2299,2004-01-25T15:46:13Z,2005-01-23T15:46:13Z,df166300-5a78-3502-a46a-832842197811,,Self,Emilio417 Rubio813
77c67bcc-9aba-26d4-e97d-d2c77cbabb8c,77c67bcc-9aba-26d4-9844-92bff20d21c9,2005-01-23T15:46:13Z,2006-01-22T15:46:13Z,df166300-5a78-3502-a46a-832842197811,,Self,Emilio417 Rubio813
77c67bcc-9aba-26d4-e97d-d2c77cbabb8c,77c67bcc-9aba-26d4-c833-502ab2605e0e,2006-01-22T15:46:13Z,2007-01-21T15:46:13Z,df166300-5a78-3502-a46a-832842197811,,Self,Emilio417 Rubio813
77c67bcc-9aba-26d4-e97d-d2c77cbabb8c,77c67bcc-9aba-26d4-6837-eac3598df2e4,2007-01-21T15:46:13Z,2008-01-20T15:46:13Z,df166300-5a78-3502-a46a-832842197811,,Self,Emilio417 Rubio813
77c67bcc-9aba-26d4-e97d-d2c77cbabb8c,77c67bcc-9aba-26d4-aa4d-e462499bd0aa,2008-01-20T15:46:13Z,2009-01-25T15:46:13Z,df166300-5a78-3502-a46a-832842197811,,Self,Emilio417 Rubio813
77c67bcc-9aba-26d4-e97d-d2c77cbabb8c,77c67bcc-9aba-26d4-71c9-97fd6210400c,2009-01-25T15:46:13Z,2010-01-24T15:46:13Z,df166300-5a78-3502-a46a-832842197811,,Self,Emilio417 Rubio813
77c67bcc-9aba-26d4-e97d-d2c77cbabb8c,77c67bcc-9aba-26d4-111b-b9ec17748ddf,2010-01-24T15:46:13Z,2011-01-23T15:46:13Z,df166300-5a78-3502-a46a-832842197811,,Self,Emilio417 Rubio813
77c67bcc-9aba-26d4-e97d-d2c77cbabb8c,77c67bcc-9aba-26d4-08af-e05079ff41dd,2011-01-23T15:46:13Z,2012-01-22T15:46:13Z,df166300-5a78-3502-a46a-832842197811,,Self,Emilio417 Rubio813
77c67bcc-9aba-26d4-e97d-d2c77cbabb8c,77c67bcc-9aba-26d4-8aa8-ad01e388585f,2012-01-22T15:46:13Z,2013-01-20T15:46:13Z,df166300-5a78-3502-a46a-832842197811,,Self,Emilio417 Rubio813
77c67bcc-9aba-26d4-e97d-d2c77cbabb8c,77c67bcc-9aba-26d4-e6f9-cca0ee4bece6,2013-01-20T15:46:13Z,2014-01-19T15:46:13Z,df166300-5a78-3502-a46a-832842197811,,Self,Emilio417 Rubio813
77c67bcc-9aba-26d4-e97d-d2c77cbabb8c,77c67bcc-9aba-26d4-57a5-9eb8c50c6787,2014-01-19T15:46:13Z,2015-01-25T15:46:13Z,df166300-5a78-3502-a46a-832842197811,,Self,Emilio417 Rubio813
77c67bcc-9aba-26d4-e97d-d2c77cbabb8c,77c67bcc-9aba-26d4-40b5-221b167a744d,2015-01-25T15:46:13Z,2016-01-24T15:46:13Z,df166300-5a78-3502-a46a-832842197811,,Self,Emilio417 Rubio813
77c67bcc-9aba-26d4-e97d-d2c77cbabb8c,77c67bcc-9aba-26d4-91f4-1b2f1cd4e297,2016-01-24T15:46:13Z,2017-01-22T15:46:13Z,df166300-5a78-3502-a46a-832842197811,,Self,Emilio417 Rubio813
77c67bcc-9aba-26d4-e97d-d2c77cbabb8c,77c67bcc-9aba-26d4-f588-58454fb2b656,2017-01-22T15:46:13Z,2018-01-21T15:46:13Z,df166300-5a78-3502-a46a-832842197811,,Self,Emilio417 Rubio813
77c67bcc-9aba-26d4-e97d-d2c77cbabb8c,77c67bcc-9aba-26d4-3750-ecb02005f8a9,2018-01-21T15:46:13Z,2019-01-20T15:46:13Z,df166300-5a78-3502-a46a-832842197811,,Self,Emilio417 Rubio813
77c67bcc-9aba-26d4-e97d-d2c77cbabb8c,77c67bcc-9aba-26d4-4572-343e1214bc62,2019-01-20T15:46:13Z,2020-01-19T15:46:13Z,df166300-5a78-3502-a46a-832842197811,,Self,Emilio417 Rubio813
77c67bcc-9aba-26d4-e97d-d2c77cbabb8c,77c67bcc-9aba-26d4-f004-0c1f040710eb,2020-01-19T15:46:13Z,2021-01-24T15:46:13Z,df166300-5a78-3502-a46a-832842197811,,Self,Emilio417 Rubio813
77c67bcc-9aba-26d4-e97d-d2c77cbabb8c,77c67bcc-9aba-26d4-2ab7-2fb6a2ab305e,2021-01-24T15:46:13Z,2022-01-23T15:46:13Z,df166300-5a78-3502-a46a-832842197811,,Self,Emilio417 Rubio813
77c67bcc-9aba-26d4-e97d-d2c77cbabb8c,77c67bcc-9aba-26d4-a95d-2db3555c8a45,2022-01-23T15:46:13Z,2023-01-22T15:46:13Z,df166300-5a78-3502-a46a-832842197811,,Self,Emilio417 Rubio813
77c67bcc-9aba-26d4-e97d-d2c77cbabb8c,77c67bcc-9aba-26d4-afc8-cb29421c3e4b,2023-01-22T15:46:13Z,2024-01-21T15:46:13Z,df166300-5a78-3502-a46a-832842197811,,Self,Emilio417 Rubio813
77c67bcc-9aba-26d4-e97d-d2c77cbabb8c,77c67bcc-9aba-26d4-ce4b-75a466a50df9,2024-01-21T15:46:13Z,2025-01-19T15:46:13Z,df166300-5a78-3502-a46a-832842197811,,Self,Emilio417 Rubio813
77c67bcc-9aba-26d4-e97d-d2c77cbabb8c,77c67bcc-9aba-26d4-4d4e-417a2552ea3b,2025-01-19T15:46:13Z,2026-01-25T15:46:13Z,df166300-5a78-3502-a46a-832842197811,,Self,Emilio417 Rubio813
77c67bcc-9aba-26d4-e97d-d2c77cbabb8c,77c67bcc-9aba-26d4-9ea7-1038c7c3b87d,2026-01-25T15:46:13Z,2027-01-19T15:46:13Z,df166300-5a78-3502-a46a-832842197811,,Spouse,Mrs. Rubio813
1bdc8262-644b-f7c5-1ae3-0ed29d1a9ef5,,1969-04-28T08:08:19Z,1970-04-27T08:08:19Z,e03e23c9-4df1-3eb6-a62d-f70f02301496,,,
1bdc8262-644b-f7c5-1ae3-0ed29d1a9ef5,,1970-04-27T08:08:19Z,1971-05-03T08:08:19Z,e03e23c9-4df1-3eb6-a62d-f70f02301496,,,
1bdc8262-644b-f7c5-1ae3-0ed29d1a9ef5,,1971-05-03T08:08:19Z,1972-05-01T08:08:19Z,e03e23c9-4df1-3eb6-a62d-f70f02301496,,,
1bdc8262-644b-f7c5-1ae3-0ed29d1a9ef5,,1972-05-01T08:08:19Z,1973-04-30T08:08:19Z,e03e23c9-4df1-3eb6-a62d-f70f02301496,,,
1bdc8262-644b-f7c5-1ae3-0ed29d1a9ef5,,1973-04-30T08:08:19Z,1974-04-29T08:08:19Z,e03e23c9-4df1-3eb6-a62d-f70f02301496,,,
1bdc8262-644b-f7c5-1ae3-0ed29d1a9ef5,,1974-04-29T08:08:19Z,1975-04-28T08:08:19Z,e03e23c9-4df1-3eb6-a62d-f70f02301496,,,
1bdc8262-644b-f7c5-1ae3-0ed29d1a9ef5,,1975-04-28T08:08:19Z,1976-05-03T08:08:19Z,e03e23c9-4df1-3eb6-a62d-f70f02301496,,,
1bdc8262-644b-f7c5-1ae3-0ed29d1a9ef5,,1976-05-03T08:08:19Z,1977-05-02T08:08:19Z,e03e23c9-4df1-3eb6-a62d-f70f02301496,,,
1bdc8262-644b-f7c5-1ae3-0ed29d1a9ef5,,1977-05-02T08:08:19Z,1978-05-01T08:08:19Z,e03e23c9-4df1-3eb6-a62d-f70f02301496,,,
1bdc8262-644b-f7c5-1ae3-0ed29d1a9ef5,,1978-05-01T08:08:19Z,1979-04-30T08:08:19Z,e03e23c9-4df1-3eb6-a62d-f70f02301496,,,
1bdc8262-644b-f7c5-1ae3-0ed29d1a9ef5,,1979-04-30T08:08:19Z,1980-04-28T08:08:19Z,e03e23c9-4df1-3eb6-a62d-f70f02301496,,,
1bdc8262-644b-f7c5-1ae3-0ed29d1a9ef5,,1980-04-28T08:08:19Z,1981-04-27T08:08:19Z,e03e23c9-4df1-3eb6-a62d-f70f02301496,,,
1bdc8262-644b-f7c5-1ae3-0ed29d1a9ef5,,1981-04-27T08:08:19Z,1982-05-03T08:08:19Z,e03e23c9-4df1-3eb6-a62d-f70f02301496,,,
1bdc8262-644b-f7c5-1ae3-0ed29d1a9ef5,,1982-05-03T08:08:19Z,1983-05-02T08:08:19Z,e03e23c9-4df1-3eb6-a62d-f70f02301496,,,
1bdc8262-644b-f7c5-1ae3-0ed29d1a9ef5,,1983-05-02T08:08:19Z,1984-04-30T08:08:19Z,e03e23c9-4df1-3eb6-a62d-f70f02301496,,,
1bdc8262-644b-f7c5-1ae3-0ed29d1a9ef5,,1984-04-30T08:08:19Z,1985-04-29T08:08:19Z,e03e23c9-4df1-3eb6-a62d-f70f02301496,,,
1bdc8262-644b-f7c5-1ae3-0ed29d1a9ef5,,1985-04-29T08:08:19Z,1986-04-28T08:08:19Z,e03e23c9-4df1-3eb6-a62d-f70f02301496,,,
1bdc8262-644b-f7c5-1ae3-0ed29d1a9ef5,,1986-04-28T08:08:19Z,1987-04-27T08:08:19Z,e03e23c9-4df1-3eb6-a62d-f70f02301496,,,
1bdc8262-644b-f7c5-1ae3-0ed29d1a9ef5,1bdc8262-644b-f7c5-93f4-fc1a634aaffe,1987-04-27T08:08:19Z,1988-05-02T08:08:19Z,df166300-5a78-3502-a46a-832842197811,,Self,Kecia457 Oberbrunner298
1bdc8262-644b-f7c5-1ae3-0ed29d1a9ef5,,1988-05-02T08:08:19Z,1989-05-01T08:08:19Z,e03e23c9-4df1-3eb6-a62d-f70f02301496,,,
1bdc8262-644b-f7c5-1ae3-0ed29d1a9ef5,,1989-05-01T08:08:19Z,1990-04-30T08:08:19Z,e03e23c9-4df1-3eb6-a62d-f70f02301496,,,
1bdc8262-644b-f7c5-1ae3-0ed29d1a9ef5,,1990-04-30T08:08:19Z,1991-04-29T08:08:19Z,e03e23c9-4df1-3eb6-a62d-f70f02301496,,,
1bdc8262-644b-f7c5-1ae3-0ed29d1a9ef5,,1991-04-29T08:08:19Z,1992-04-27T08:08:19Z,e03e23c9-4df1-3eb6-a62d-f70f02301496,,,
1bdc8262-644b-f7c5-1ae3-0ed29d1a9ef5,,1992-04-27T08:08:19Z,1993-05-03T08:08:19Z,e03e23c9-4df1-3eb6-a62d-f70f02301496,,,
1bdc8262-644b-f7c5-1ae3-0ed29d1a9ef5,,1993-05-03T08:08:19Z,1994-05-02T08:08:19Z,e03e23c9-4df1-3eb6-a62d-f70f02301496,,,
1bdc8262-644b-f7c5-1ae3-0ed29d1a9ef5,,1994-05-02T08:08:19Z,1995-05-01T08:08:19Z,e03e23c9-4df1-3eb6-a62d-f70f02301496,,,
1bdc8262-644b-f7c5-1ae3-0ed29d1a9ef5,,1995-05-01T08:08:19Z,1996-04-29T08:08:19Z,e03e23c9-4df1-3eb6-a62d-f70f02301496,,,
1bdc8262-644b-f7c5-1ae3-0ed29d1a9ef5,,1996-04-29T08:08:19Z,1997-04-28T08:08:19Z,e03e23c9-4df1-3eb6-a62d-f70f02301496,,,
1bdc8262-644b-f7c5-1ae3-0ed29d1a9ef5,,1997-04-28T08:08:19Z,1998-04-27T08:08:19Z,e03e23c9-4df1-3eb6-a62d-f70f02301496,,,
1bdc8262-644b-f7c5-1ae3-0ed29d1a9ef5,,1998-04-27T08:08:19Z,1999-05-03T08:08:19Z,e03e23c9-4df1-3eb6-a62d-f70f02301496,,,
1bdc8262-644b-f7c5-1ae3-0ed29d1a9ef5,,1999-05-03T08:08:19Z,2000-05-01T08:08:19Z,e03e23c9-4df1-3eb6-a62d-f70f02301496,,,
1bdc8262-644b-f7c5-1ae3-0ed29d1a9ef5,,2000-05-01T08:08:19Z,2001-04-30T08:08:19Z,e03e23c9-4df1-3eb6-a62d-f70f02301496,,,
1bdc8262-644b-f7c5-1ae3-0ed29d1a9ef5,,2001-04-30T08:08:19Z,2002-04-29T08:08:19Z,e03e23c9-4df1-3eb6-a62d-f70f02301496,,,
1bdc8262-644b-f7c5-1ae3-0ed29d1a9ef5,,2002-04-29T08:08:19Z,2003-04-28T08:08:19Z,e03e23c9-4df1-3eb6-a62d-f70f02301496,,,
1bdc8262-644b-f7c5-1ae3-0ed29d1a9ef5,,2003-04-28T08:08:19Z,2004-05-03T08:08:19Z,e03e23c9-4df1-3eb6-a62d-f70f02301496,,,
1bdc8262-644b-f7c5-1ae3-0ed29d1a9ef5,,2004-05-03T08:08:19Z,2005-05-02T08:08:19Z,e03e23c9-4df1-3eb6-a62d-f70f02301496,,,
1bdc8262-644b-f7c5-1ae3-0ed29d1a9ef5,,2005-05-02T08:08:19Z,2006-05-01T08:08:19Z,e03e23c9-4df1-3eb6-a62d-f70f02301496,,,
1bdc8262-644b-f7c5-1ae3-0ed29d1a9ef5,1bdc8262-644b-f7c5-b928-74e0023f4540,2006-05-01T08:08:19Z,2007-04-30T08:08:19Z,26aab0cd-6aba-3e1b-ac5b-05c8867e762c,,Self,Kecia457 Ranee391 Rath779
1bdc8262-644b-f7c5-1ae3-0ed29d1a9ef5,1bdc8262-644b-f7c5-7fa7-85bc6e35b29c,2007-04-30T08:08:19Z,2008-04-28T08:08:19Z,26aab0cd-6aba-3e1b-ac5b-05c8867e762c,,Self,Kecia457 Ranee391 Rath779
1bdc8262-644b-f7c5-1ae3-0ed29d1a9ef5,1bdc8262-644b-f7c5-b077-70de002fa68a,2008-04-28T08:08:19Z,2009-04-27T08:08:19Z,26aab0cd-6aba-3e1b-ac5b-05c8867e762c,,Self,Kecia457 Ranee391 Rath779
1bdc8262-644b-f7c5-1ae3-0ed29d1a9ef5,1bdc8262-644b-f7c5-a667-6181782eba3d,2009-04-27T08:08:19Z,2010-05-03T08:08:19Z,26aab0cd-6aba-3e1b-ac5b-05c8867e762c,,Self,Kecia457 Ranee391 Rath779
1bdc8262-644b-f7c5-1ae3-0ed29d1a9ef5,1bdc8262-644b-f7c5-964f-9787838a1c25,2010-05-03T08:08:19Z,2011-05-02T08:08:19Z,26aab0cd-6aba-3e1b-ac5b-05c8867e762c,,Self,Kecia457 Ranee391 Rath779
1bdc8262-644b-f7c5-1ae3-0ed29d1a9ef5,1bdc8262-644b-f7c5-fa33-ada096a8a098,2011-05-02T08:08:19Z,2012-04-30T08:08:19Z,26aab0cd-6aba-3e1b-ac5b-05c8867e762c,,Spouse,Mr. Rath779
1bdc8262-644b-f7c5-1ae3-0ed29d1a9ef5,1bdc8262-644b-f7c5-00f1-235bcb86e0df,2012-04-30T08:08:19Z,2013-04-29T08:08:19Z,26aab0cd-6aba-3e1b-ac5b-05c8867e762c,,Self,Kecia457 Ranee391 Rath779
1bdc8262-644b-f7c5-1ae3-0ed29d1a9ef5,1bdc8262-644b-f7c5-5a10-9bbf5a533d90,2013-04-29T08:08:19Z,2014-04-28T08:08:19Z,26aab0cd-6aba-3e1b-ac5b-05c8867e762c,,Self,Kecia457 Ranee391 Rath779
1bdc8262-644b-f7c5-1ae3-0ed29d1a9ef5,1bdc8262-644b-f7c5-c17c-98cd197223af,2014-04-28T08:08:19Z,2015-04-27T08:08:19Z,26aab0cd-6aba-3e1b-ac5b-05c8867e762c,,Self,Kecia457 Ranee391 Rath779
1bdc8262-644b-f7c5-1ae3-0ed29d1a9ef5,1bdc8262-644b-f7c5-8ebe-a1b98b2e7b8f,2015-04-27T08:08:19Z,2016-05-02T08:08:19Z,26aab0cd-6aba-3e1b-ac5b-05c8867e762c,,Spouse,Mr. Rath779
1bdc8262-644b-f7c5-1ae3-0ed29d1a9ef5,1bdc8262-644b-f7c5-f3b4-7e5b9d18f80b,2016-05-02T08:08:19Z,2017-05-01T08:08:19Z,26aab0cd-6aba-3e1b-ac5b-05c8867e762c,,Spouse,Mr. Rath779
1bdc8262-644b-f7c5-1ae3-0ed29d1a9ef5,1bdc8262-644b-f7c5-1880-baeac57b6ccb,2017-05-01T08:08:19Z,2018-04-30T08:08:19Z,26aab0cd-6aba-3e1b-ac5b-05c8867e762c,,Self,Kecia457 Ranee391 Rath779
1bdc8262-644b-f7c5-1ae3-0ed29d1a9ef5,1bdc8262-644b-f7c5-331d-aa261e59fc02,2018-04-30T08:08:19Z,2019-04-29T08:08:19Z,26aab0cd-6aba-3e1b-ac5b-05c8867e762c,,Spouse,Mr. Rath779
1bdc8262-644b-f7c5-1ae3-0ed29d1a9ef5,1bdc8262-644b-f7c5-f19e-4e165f78096b,2019-04-29T08:08:19Z,2020-04-27T08:08:19Z,26aab0cd-6aba-3e1b-ac5b-05c8867e762c,,Self,Kecia457 Ranee391 Rath779
1bdc8262-644b-f7c5-1ae3-0ed29d1a9ef5,1bdc8262-644b-f7c5-f122-3c4e14fd1c0a,2020-04-27T08:08:19Z,2021-05-03T08:08:19Z,26aab0cd-6aba-3e1b-ac5b-05c8867e762c,,Spouse,Mr. Rath779
1bdc8262-644b-f7c5-1ae3-0ed29d1a9ef5,1bdc8262-644b-f7c5-39a2-ba718961afaa,2021-05-03T08:08:19Z,2022-05-02T08:08:19Z,26aab0cd-6aba-3e1b-ac5b-05c8867e762c,,Spouse,Mr. Rath779
1bdc8262-644b-f7c5-1ae3-0ed29d1a9ef5,1bdc8262-644b-f7c5-15ee-d7925ff3a6db,2022-05-02T08:08:19Z,2023-05-01T08:08:19Z,26aab0cd-6aba-3e1b-ac5b-05c8867e762c,,Spouse,Mr. Rath779
1bdc8262-644b-f7c5-1ae3-0ed29d1a9ef5,1bdc8262-644b-f7c5-819c-64995addd8ec,2023-05-01T08:08:19Z,2024-04-29T08:08:19Z,26aab0cd-6aba-3e1b-ac5b-05c8867e762c,,Spouse,Mr. Rath779
1bdc8262-644b-f7c5-1ae3-0ed29d1a9ef5,1bdc8262-644b-f7c5-577b-eea772f247f2,2024-04-29T08:08:19Z,2025-04-28T08:08:19Z,26aab0cd-6aba-3e1b-ac5b-05c8867e762c,,Spouse,Mr. Rath779
1bdc8262-644b-f7c5-1ae3-0ed29d1a9ef5,1bdc8262-644b-f7c5-b427-d0e8fae7b1e6,2025-04-28T08:08:19Z,2026-04-27T08:08:19Z,26aab0cd-6aba-3e1b-ac5b-05c8867e762c,,Spouse,Mr. Rath779
c5fe3146-2bf6-7158-8a4e-08d13a27ba6c,c5fe3146-2bf6-7158-5b21-ea609634623e,1969-05-16T00:44:04Z,1970-05-15T00:44:04Z,26aab0cd-6aba-3e1b-ac5b-05c8867e762c,,Guardian,Camie739 Lesch175
c5fe3146-2bf6-7158-8a4e-08d13a27ba6c,c5fe3146-2bf6-7158-5b21-ea609634623e,1970-05-15T00:44:04Z,1971-05-14T00:44:04Z,26aab0cd-6aba-3e1b-ac5b-05c8867e762c,,Guardian,Camie739 Lesch175
c5fe3146-2bf6-7158-8a4e-08d13a27ba6c,c5fe3146-2bf6-7158-5b21-ea609634623e,1971-05-14T00:44:04Z,1972-05-12T00:44:04Z,26aab0cd-6aba-3e1b-ac5b-05c8867e762c,,Guardian,Camie739 Lesch175
c5fe3146-2bf6-7158-8a4e-08d13a27ba6c,c5fe3146-2bf6-7158-5b21-ea609634623e,1972-05-12T00:44:04Z,1973-05-11T00:44:04Z,26aab0cd-6aba-3e1b-ac5b-05c8867e762c,,Guardian,Camie739 Lesch175
c5fe3146-2bf6-7158-8a4e-08d13a27ba6c,c5fe3146-2bf6-7158-5b21-ea609634623e,1973-05-11T00:44:04Z,1974-05-10T00:44:04Z,26aab0cd-6aba-3e1b-ac5b-05c8867e762c,,Guardian,Camie739 Lesch175
c5fe3146-2bf6-7158-8a4e-08d13a27ba6c,c5fe3146-2bf6-7158-5b21-ea609634623e,1974-05-10T00:44:04Z,1975-05-16T00:44:04Z,26aab0cd-6aba-3e1b-ac5b-05c8867e762c,,Guardian,Camie739 Lesch175
c5fe3146-2bf6-7158-8a4e-08d13a27ba6c,c5fe3146-2bf6-7158-5b21-ea609634623e,1975-05-16T00:44:04Z,1976-05-14T00:44:04Z,26aab0cd-6aba-3e1b-ac5b-05c8867e762c,,Guardian,Camie739 Lesch175
c5fe3146-2bf6-7158-8a4e-08d13a27ba6c,c5fe3146-2bf6-7158-5b21-ea609634623e,1976-05-14T00:44:04Z,1977-05-13T00:44:04Z,26aab0cd-6aba-3e1b-ac5b-05c8867e762c,,Guardian,Camie739 Lesch175
c5fe3146-2bf6-7158-8a4e-08d13a27ba6c,c5fe3146-2bf6-7158-5b21-ea609634623e,1977-05-13T00:44:04Z,1978-05-12T00:44:04Z,26aab0cd-6aba-3e1b-ac5b-05c8867e762c,,Guardian,Camie739 Lesch175
c5fe3146-2bf6-7158-8a4e-08d13a27ba6c,c5fe3146-2bf6-7158-5b21-ea609634623e,1978-05-12T00:44:04Z,1979-05-11T00:44:04Z,26aab0cd-6aba-3e1b-ac5b-05c8867e762c,,Guardian,Camie739 Lesch175
c5fe3146-2bf6-7158-8a4e-08d13a27ba6c,c5fe3146-2bf6-7158-5b21-ea609634623e,1979-05-11T00:44:04Z,1980-05-16T00:44:04Z,26aab0cd-6aba-3e1b-ac5b-05c8867e762c,,Guardian,Camie739 Lesch175
c5fe3146-2bf6-7158-8a4e-08d13a27ba6c,c5fe3146-2bf6-7158-5b21-ea609634623e,1980-05-16T00:44:04Z,1981-05-15T00:44:04Z,26aab0cd-6aba-3e1b-ac5b-05c8867e762c,,Guardian,Camie739 Lesch175
c5fe3146-2bf6-7158-8a4e-08d13a27ba6c,c5fe3146-2bf6-7158-5b21-ea609634623e,1981-05-15T00:44:04Z,1982-05-14T00:44:04Z,26aab0cd-6aba-3e1b-ac5b-05c8867e762c,,Guardian,Camie739 Lesch175
c5fe3146-2bf6-7158-8a4e-08d13a27ba6c,c5fe3146-2bf6-7158-6b39-cf6a99276953,1982-05-14T00:44:04Z,1983-05-13T00:44:04Z,26aab0cd-6aba-3e1b-ac5b-05c8867e762c,,Self,Allen322 Mraz590
c5fe3146-2bf6-7158-8a4e-08d13a27ba6c,c5fe3146-2bf6-7158-ebc1-2f9718852472,1983-05-13T00:44:04Z,1984-05-11T00:44:04Z,26aab0cd-6aba-3e1b-ac5b-05c8867e762c,,Self,Allen322 Mraz590
c5fe3146-2bf6-7158-8a4e-08d13a27ba6c,c5fe3146-2bf6-7158-2a65-256c3a9ca5dc,1984-05-11T00:44:04Z,1985-05-10T00:44:04Z,26aab0cd-6aba-3e1b-ac5b-05c8867e762c,,Self,Allen322 Mraz590
c5fe3146-2bf6-7158-8a4e-08d13a27ba6c,c5fe3146-2bf6-7158-4537-566f4667fd38,1985-05-10T00:44:04Z,1986-05-16T00:44:04Z,26aab0cd-6aba-3e1b-ac5b-05c8867e762c,,Self,Allen322 Mraz590
c5fe3146-2bf6-7158-8a4e-08d13a27ba6c,c5fe3146-2bf6-7158-1d55-f4b0863ddf6b,1986-05-16T00:44:04Z,1987-05-15T00:44:04Z,26aab0cd-6aba-3e1b-ac5b-05c8867e762c,,Self,Allen322 Mraz590
c5fe3146-2bf6-7158-8a4e-08d13a27ba6c,c5fe3146-2bf6-7158-afe3-a7f1ff044053,1987-05-15T00:44:04Z,1988-05-13T00:44:04Z,26aab0cd-6aba-3e1b-ac5b-05c8867e762c,,Self,Allen322 Mraz590
c5fe3146-2bf6-7158-8a4e-08d13a27ba6c,c5fe3146-2bf6-7158-0b85-e3573f689493,1988-05-13T00:44:04Z,1989-05-12T00:44:04Z,26aab0cd-6aba-3e1b-ac5b-05c8867e762c,,Self,Allen322 Mraz590
c5fe3146-2bf6-7158-8a4e-08d13a27ba6c,c5fe3146-2bf6-7158-a71f-c0cfe0b2d6be,1989-05-12T00:44:04Z,1990-05-11T00:44:04Z,26aab0cd-6aba-3e1b-ac5b-05c8867e762c,,Self,Allen322 Mraz590
c5fe3146-2bf6-7158-8a4e-08d13a27ba6c,c5fe3146-2bf6-7158-05f0-e08fbc37e4d1,1990-05-11T00:44:04Z,1991-05-10T00:44:04Z,26aab0cd-6aba-3e1b-ac5b-05c8867e762c,,Self,Allen322 Mraz590
c5fe3146-2bf6-7158-8a4e-08d13a27ba6c,c5fe3146-2bf6-7158-ca4d-0ddb80ca3e1c,1991-05-10T00:44:04Z,1992-05-15T00:44:04Z,26aab0cd-6aba-3e1b-ac5b-05c8867e762c,,Self,Allen322 Mraz590
c5fe3146-2bf6-7158-8a4e-08d13a27ba6c,c5fe3146-2bf6-7158-556a-d90720a0a5af,1992-05-15T00:44:04Z,1993-05-14T00:44:04Z,26aab0cd-6aba-3e1b-ac5b-05c8867e762c,,Spouse,Mr. Rohan584
c5fe3146-2bf6-7158-8a4e-08d13a27ba6c,c5fe3146-2bf6-7158-8b9f-0142da46123b,1993-05-14T00:44:04Z,1994-05-13T00:44:04Z,26aab0cd-6aba-3e1b-ac5b-05c8867e762c,,Self,Allen322 Rohan584
c5fe3146-2bf6-7158-8a4e-08d13a27ba6c,c5fe3146-2bf6-7158-bbec-a64a6f373b86,1994-05-13T00:44:04Z,1995-05-12T00:44:04Z,26aab0cd-6aba-3e1b-ac5b-05c8867e762c,,Self,Allen322 Rohan584
c5fe3146-2bf6-7158-8a4e-08d13a27ba6c,c5fe3146-2bf6-7158-6b26-347ab5792c63,1995-05-12T00:44:04Z,1996-05-10T00:44:04Z,26aab0cd-6aba-3e1b-ac5b-05c8867e762c,,Self,Allen322 Rohan584
c5fe3146-2bf6-7158-8a4e-08d13a27ba6c,c5fe3146-2bf6-7158-ea36-ab5aa5706675,1996-05-10T00:44:04Z,1997-05-16T00:44:04Z,26aab0cd-6aba-3e1b-ac5b-05c8867e762c,,Self,Allen322 Rohan584
c5fe3146-2bf6-7158-8a4e-08d13a27ba6c,c5fe3146-2bf6-7158-231f-229f5a3ccc9a,1997-05-16T00:44:04Z,1998-05-15T00:44:04Z,26aab0cd-6aba-3e1b-ac5b-05c8867e762c,,Self,Allen322 Rohan584
c5fe3146-2bf6-7158-8a4e-08d13a27ba6c,c5fe3146-2bf6-7158-2e75-47a9dcd3f7c9,1998-05-15T00:44:04Z,1999-05-14T00:44:04Z,26aab0cd-6aba-3e1b-ac5b-05c8867e762c,,Self,Allen322 Rohan584
c5fe3146-2bf6-7158-8a4e-08d13a27ba6c,c5fe3146-2bf6-7158-89dd-6834f9baede8,1999-05-14T00:44:04Z,2000-05-12T00:44:04Z,26aab0cd-6aba-3e1b-ac5b-05c8867e762c,,Spouse,Mr. Rohan584
c5fe3146-2bf6-7158-8a4e-08d13a27ba6c,c5fe3146-2bf6-7158-fa5b-f18378c437d1,2000-05-12T00:44:04Z,2001-05-11T00:44:04Z,26aab0cd-6aba-3e1b-ac5b-05c8867e762c,,Spouse,Mr. Rohan584
c5fe3146-2bf6-7158-8a4e-08d13a27ba6c,c5fe3146-2bf6-7158-e961-003b2e94c28a,2001-05-11T00:44:04Z,2002-05-10T00:44:04Z,26aab0cd-6aba-3e1b-ac5b-05c8867e762c,,Self,Allen322 Rohan584
c5fe3146-2bf6-7158-8a4e-08d13a27ba6c,c5fe3146-2bf6-7158-bf9a-140df5652e06,2002-05-10T00:44:04Z,2003-05-16T00:44:04Z,26aab0cd-6aba-3e1b-ac5b-05c8867e762c,,Spouse,Mr. Rohan584
c5fe3146-2bf6-7158-8a4e-08d13a27ba6c,c5fe3146-2bf6-7158-5046-2b5fd66aa7c1,2003-05-16T00:44:04Z,2004-05-14T00:44:04Z,26aab0cd-6aba-3e1b-ac5b-05c8867e762c,,Spouse,Mr. Rohan584
c5fe3146-2bf6-7158-8a4e-08d13a27ba6c,c5fe3146-2bf6-7158-1de9-07f59c506b2d,2004-05-14T00:44:04Z,2005-05-13T00:44:04Z,26aab0cd-6aba-3e1b-ac5b-05c8867e762c,,Self,Allen322 Rohan584
c5fe3146-2bf6-7158-8a4e-08d13a27ba6c,c5fe3146-2bf6-7158-7689-7a328d5e6d6f,2005-05-13T00:44:04Z,2006-05-12T00:44:04Z,26aab0cd-6aba-3e1b-ac5b-05c8867e762c,,Spouse,Mr. Rohan584
c5fe3146-2bf6-7158-8a4e-08d13a27ba6c,c5fe3146-2bf6-7158-a7e6-4e8d98b33c0a,2006-05-12T00:44:04Z,2007-05-11T00:44:04Z,26aab0cd-6aba-3e1b-ac5b-05c8867e762c,,Spouse,Mr. Rohan584
c5fe3146-2bf6-7158-8a4e-08d13a27ba6c,c5fe3146-2bf6-7158-0ea5-bec024fa6424,2007-05-11T00:44:04Z,2008-05-16T00:44:04Z,26aab0cd-6aba-3e1b-ac5b-05c8867e762c,,Self,Allen322 Rohan584
c5fe3146-2bf6-7158-8a4e-08d13a27ba6c,c5fe3146-2bf6-7158-39af-b590a4da04e0,2008-05-16T00:44:04Z,2009-05-15T00:44:04Z,26aab0cd-6aba-3e1b-ac5b-05c8867e762c,,Self,Allen322 Rohan584
c5fe3146-2bf6-7158-8a4e-08d13a27ba6c,c5fe3146-2bf6-7158-7b84-c900a53be617,2009-05-15T00:44:04Z,2010-05-14T00:44:04Z,26aab0cd-6aba-3e1b-ac5b-05c8867e762c,,Spouse,Mr. Rohan584
c5fe3146-2bf6-7158-8a4e-08d13a27ba6c,c5fe3146-2bf6-7158-a591-c78a57902f39,2010-05-14T00:44:04Z,2011-05-13T00:44:04Z,26aab0cd-6aba-3e1b-ac5b-05c8867e762c,,Spouse,Mr. Rohan584
c5fe3146-2bf6-7158-8a4e-08d13a27ba6c,c5fe3146-2bf6-7158-ad6b-3d76050d23ca,2011-05-13T00:44:04Z,2012-05-11T00:44:04Z,26aab0cd-6aba-3e1b-ac5b-05c8867e762c,,Spouse,Mr. Rohan584
c5fe3146-2bf6-7158-8a4e-08d13a27ba6c,c5fe3146-2bf6-7158-2820-77412915fb48,2012-05-11T00:44:04Z,2013-05-10T00:44:04Z,26aab0cd-6aba-3e1b-ac5b-05c8867e762c,,Spouse,Mr. Rohan584
c5fe3146-2bf6-7158-8a4e-08d13a27ba6c,c5fe3146-2bf6-7158-a445-eeacd688dd1b,2013-05-10T00:44:04Z,2014-05-16T00:44:04Z,26aab0cd-6aba-3e1b-ac5b-05c8867e762c,,Spouse,Mr. Rohan584
c5fe3146-2bf6-7158-8a4e-08d13a27ba6c,c5fe3146-2bf6-7158-5f86-19ad3f2e0480,2014-05-16T00:44:04Z,2015-05-15T00:44:04Z,26aab0cd-6aba-3e1b-ac5b-05c8867e762c,,Self,Allen322 Rohan584
c5fe3146-2bf6-7158-8a4e-08d13a27ba6c,c5fe3146-2bf6-7158-0e78-c1929d54741f,2015-05-15T00:44:04Z,2016-05-13T00:44:04Z,26aab0cd-6aba-3e1b-ac5b-05c8867e762c,,Spouse,Mr. Rohan584
c5fe3146-2bf6-7158-8a4e-08d13a27ba6c,c5fe3146-2bf6-7158-1f4e-93069c43e596,2016-05-13T00:44:04Z,2017-05-12T00:44:04Z,26aab0cd-6aba-3e1b-ac5b-05c8867e762c,,Spouse,Mr. Rohan584
c5fe3146-2bf6-7158-8a4e-08d13a27ba6c,c5fe3146-2bf6-7158-a216-20ed68311f42,2017-05-12T00:44:04Z,2018-05-11T00:44:04Z,26aab0cd-6aba-3e1b-ac5b-05c8867e762c,,Spouse,Mr. Rohan584
c5fe3146-2bf6-7158-8a4e-08d13a27ba6c,c5fe3146-2bf6-7158-931a-b6d660636dc2,2018-05-11T00:44:04Z,2019-05-10T00:44:04Z,26aab0cd-6aba-3e1b-ac5b-05c8867e762c,,Spouse,Mr. Rohan584
c5fe3146-2bf6-7158-8a4e-08d13a27ba6c,c5fe3146-2bf6-7158-610f-bc7a5bf35fe0,2019-05-10T00:44:04Z,2020-05-15T00:44:04Z,26aab0cd-6aba-3e1b-ac5b-05c8867e762c,,Self,Allen322 Rohan584
c5fe3146-2bf6-7158-8a4e-08d13a27ba6c,c5fe3146-2bf6-7158-7b15-cdcc8c7fd2cb,2020-05-15T00:44:04Z,2021-05-14T00:44:04Z,26aab0cd-6aba-3e1b-ac5b-05c8867e762c,,Self,Allen322 Rohan584
c5fe3146-2bf6-7158-8a4e-08d13a27ba6c,c5fe3146-2bf6-7158-830b-ff0e5e33d892,2021-05-14T00:44:04Z,2022-05-13T00:44:04Z,26aab0cd-6aba-3e1b-ac5b-05c8867e762c,,Self,Allen322 Rohan584
c5fe3146-2bf6-7158-8a4e-08d13a27ba6c,c5fe3146-2bf6-7158-5b65-e7cf1d819c3b,2022-05-13T00:44:04Z,2023-05-12T00:44:04Z,26aab0cd-6aba-3e1b-ac5b-05c8867e762c,,Spouse,Mr. Rohan584
c5fe3146-2bf6-7158-8a4e-08d13a27ba6c,c5fe3146-2bf6-7158-dced-14cca22f9e11,2023-05-12T00:44:04Z,2024-05-10T00:44:04Z,26aab0cd-6aba-3e1b-ac5b-05c8867e762c,,Spouse,Mr. Rohan584
c5fe3146-2bf6-7158-8a4e-08d13a27ba6c,c5fe3146-2bf6-7158-796f-c5df6f5e3bec,2024-05-10T00:44:04Z,2025-05-16T00:44:04Z,26aab0cd-6aba-3e1b-ac5b-05c8867e762c,,Spouse,Mr. Rohan584
c5fe3146-2bf6-7158-8a4e-08d13a27ba6c,c5fe3146-2bf6-7158-c2ab-949155ac7a5d,2025-05-16T00:44:04Z,2026-05-10T00:44:04Z,26aab0cd-6aba-3e1b-ac5b-05c8867e762c,,Spouse,Mr. Rohan584
